current_reward,current_battery,distance_to_goal,terminated,truncated
-0.04,68.05826031368575,0.05263158,False,False
-0.04,67.60377252717574,0.05263158,False,False
-0.79,67.14926824066572,0.05263158,False,False
-0.79,66.69476145415571,0.05263158,False,False
-0.04,66.24026066764571,0.05263158,False,False
-0.79,65.78576338113571,0.05263158,False,False
-0.79,65.3312705946257,0.05263158,False,False
-1.0,64.87678330811572,0.05263158,False,False
400,64.42230152160572,0.0,True,False
-0.04,29.56357764320635,0.2631579,False,False
-0.04,29.36875252041635,0.2631579,False,False
-0.04,29.173923897626352,0.21052632,False,False
-0.04,29.04404781576635,0.15789473,False,False
-0.25,28.914169233906353,0.21052632,False,False
-0.25,28.784292652046354,0.15789473,False,False
-0.79,28.654414070186355,0.15789473,False,False
-0.79,28.524535988326356,0.15789473,False,False
-1.0,28.394657906466357,0.15789473,False,False
-0.04,28.26477932460636,0.15789473,False,False
-0.79,28.134903742746356,0.15789473,False,False
-0.79,28.005028160886354,0.15789473,False,False
-0.25,27.875154079026355,0.15789473,False,False
-0.25,27.745274497166356,0.21052632,False,False
-0.25,27.615396415306353,0.15789473,False,False
-0.04,27.48552083344635,0.10526316,False,False
-0.04,27.35564675158635,0.10526316,False,False
-0.25,27.225768169726347,0.15789473,False,False
-0.04,27.09588558786635,0.21052632,False,False
-0.25,26.96600050600635,0.15789473,False,False
-0.25,26.83611442414635,0.21052632,False,False
-0.25,26.706230342286347,0.2631579,False,False
-0.04,93.19860498360775,0.31578946,False,False
-0.25,26.511402719496346,0.2631579,False,False
-0.04,26.381521137636344,0.21052632,False,False
-0.04,26.251644555776345,0.21052632,False,False
-0.25,26.121766473916345,0.2631579,False,False
-0.79,25.991884892056344,0.2631579,False,False
-0.25,25.861998810196344,0.2631579,False,False
-0.25,25.66716618740634,0.21052632,False,False
-0.04,25.537283605546342,0.15789473,False,False
-1.0,25.34246198275634,0.15789473,False,False
-0.04,25.14764535996634,0.21052632,False,False
-0.25,24.952830237176343,0.15789473,False,False
-0.04,24.75801461438634,0.15789473,False,False
-0.25,24.563201991596337,0.15789473,False,False
-0.25,24.368386368806334,0.21052632,False,False
-0.04,24.173573746016334,0.21052632,False,False
-0.79,23.97876112322633,0.21052632,False,False
-0.25,23.78394900043633,0.15789473,False,False
-0.25,23.58913687764633,0.21052632,False,False
-0.25,23.39432425485633,0.15789473,False,False
-1.0,23.199510132066326,0.15789473,False,False
-0.04,23.004696509276325,0.15789473,False,False
-0.04,22.809883386486327,0.21052632,False,False
-0.79,22.615071763696328,0.21052632,False,False
-0.25,22.42026164090633,0.15789473,False,False
-0.25,22.22545051811633,0.21052632,False,False
-0.25,22.03064139532633,0.15789473,False,False
-0.25,21.83582927253633,0.15789473,False,False
-0.25,21.64101414974633,0.21052632,False,False
-0.25,21.446203026956333,0.21052632,False,False
-0.25,21.251392404166335,0.15789473,False,False
-0.25,21.056578781376334,0.21052632,False,False
-1.0,20.861768158586337,0.21052632,False,False
-0.25,20.666956035796336,0.15789473,False,False
-0.25,20.47214791300633,0.21052632,False,False
-0.25,20.277339790216327,0.21052632,False,False
-0.25,20.08253316742633,0.21052632,False,False
-0.25,19.88773004463633,0.21052632,False,False
-0.25,19.692921921846334,0.15789473,False,False
-1.0,19.498113299056335,0.15789473,False,False
-0.25,19.303303176266336,0.21052632,False,False
-0.25,19.108489053476337,0.15789473,False,False
-1.0,18.913672430686336,0.15789473,False,False
-0.25,18.783800348826336,0.21052632,False,False
-0.25,18.588992226036336,0.15789473,False,False
-1.0,18.394186103246334,0.15789473,False,False
-1.0,18.19937398045633,0.15789473,False,False
-0.25,18.004561857666324,0.15789473,False,False
-0.04,17.809752734876323,0.15789473,False,False
-0.25,17.61494061208632,0.15789473,False,False
-0.25,17.42012198929632,0.15789473,False,False
-0.79,17.22530286650632,0.15789473,False,False
-0.25,17.030483743716317,0.15789473,False,False
-1.0,16.835667620926316,0.15789473,False,False
-0.25,16.640853998136315,0.21052632,False,False
-1.0,16.446037875346317,0.21052632,False,False
-0.25,16.251218252556317,0.21052632,False,False
-0.04,16.056395629766318,0.2631579,False,False
-0.25,15.861577506976317,0.21052632,False,False
-0.79,15.666759384186316,0.21052632,False,False
-1.0,15.471933761396315,0.21052632,False,False
-0.79,15.277113138606314,0.21052632,False,False
-0.25,15.082292015816313,0.2631579,False,False
-0.25,14.887481893026312,0.21052632,False,False
-0.25,14.69266877023631,0.2631579,False,False
-0.04,14.497858647446309,0.31578946,False,False
-0.04,14.30305152465631,0.31578946,False,False
-0.04,14.10823690186631,0.31578946,False,False
-0.04,13.913420279076309,0.31578946,False,False
-0.79,13.71859565628631,0.31578946,False,False
-1.0,13.523768533496309,0.31578946,False,False
-0.79,13.328941410706308,0.31578946,False,False
-0.04,13.134114287916308,0.36842105,False,False
-0.25,12.939294665126308,0.31578946,False,False
-0.25,12.744472542336307,0.31578946,False,False
-0.79,12.549643919546307,0.31578946,False,False
-1.0,12.354813796756307,0.31578946,False,False
-0.25,12.224929214896306,0.31578946,False,False
-1.0,12.095049133036305,0.31578946,False,False
-0.25,11.965169051176304,0.31578946,False,False
-1.0,11.835284469316303,0.31578946,False,False
-1.0,11.640459846526301,0.31578946,False,False
-1.0,11.4456337237363,0.31578946,False,False
-0.25,11.3157491418763,0.36842105,False,False
-0.25,11.185863060016299,0.31578946,False,False
-0.25,11.055978478156298,0.36842105,False,False
-0.25,10.926092396296298,0.31578946,False,False
-0.79,10.796212314436296,0.31578946,False,False
-0.25,10.601390691646294,0.31578946,False,False
-0.25,10.471501609786294,0.31578946,False,False
-0.25,10.341617027926294,0.36842105,False,False
-0.79,10.211726946066294,0.36842105,False,False
-1.0,10.081836864206295,0.36842105,False,False
-0.25,9.951946282346295,0.31578946,False,False
-0.25,9.822061700486294,0.36842105,False,False
-1.0,9.692171118626295,0.36842105,False,False
-1.0,9.562280536766295,0.36842105,False,False
-0.25,9.432389954906295,0.31578946,False,False
-1.0,9.302505873046295,0.31578946,False,False
-1.0,9.172621791186295,0.31578946,False,False
-0.04,80.92828424783757,0.36842105,False,False
-0.25,8.977793168396294,0.31578946,False,False
-1.0,8.782960045606295,0.31578946,False,False
-1.0,8.588130922816294,0.31578946,False,False
-0.25,8.458246340956293,0.36842105,False,False
-0.79,8.328360259096293,0.36842105,False,False
-1.0,8.198474177236292,0.36842105,False,False
-0.25,8.068588595376292,0.31578946,False,False
-0.25,7.938709013516291,0.36842105,False,False
-1.0,7.8088234316562914,0.36842105,False,False
-0.25,7.678933349796291,0.31578946,False,False
-1.0,7.549044767936291,0.31578946,False,False
-0.25,7.419160186076291,0.31578946,False,False
-1.0,7.289280604216291,0.31578946,False,False
-0.25,7.159396522356291,0.31578946,False,False
-0.25,6.964575399566291,0.31578946,False,False
-0.79,6.769756776776291,0.31578946,False,False
-1.0,6.5749431539862915,0.31578946,False,False
-0.25,6.380123031196292,0.2631579,False,False
-0.25,6.185300908406291,0.31578946,False,False
-0.79,5.990489285616291,0.31578946,False,False
-1.0,5.795681662826291,0.31578946,False,False
-1.0,5.600872540036291,0.31578946,False,False
-0.25,5.406055917246291,0.31578946,False,False
-1.0,5.2112367944562905,0.31578946,False,False
-1.0,5.0164221716662905,0.31578946,False,False
-0.25,4.821610048876291,0.31578946,False,False
-0.25,4.6267914260862915,0.31578946,False,False
-0.25,4.4319813032962925,0.31578946,False,False
-0.25,4.237161180506293,0.36842105,False,False
-0.25,4.042335557716293,0.31578946,False,False
-0.25,3.847512934926293,0.31578946,False,False
-1.0,3.6526948121362928,0.31578946,False,False
-0.25,3.4578766893462927,0.31578946,False,False
-0.25,3.2630500665562927,0.31578946,False,False
-0.25,3.068230443766293,0.31578946,False,False
-1.0,2.873415820976293,0.31578946,False,False
-1.0,2.7435457391162927,0.31578946,False,False
-0.25,2.6136766572562924,0.2631579,False,False
-1.0,2.4188630344662925,0.2631579,False,False
-0.04,2.2240464116762926,0.31578946,False,False
-1.0,2.0941783298162924,0.31578946,False,False
-0.04,1.8993602070262923,0.31578946,False,False
-1.0,1.7045355842362921,0.31578946,False,False
-0.79,1.509709961446292,0.31578946,False,False
-0.79,1.379831879586292,0.31578946,False,False
-0.04,1.249953797726292,0.31578946,False,False
-0.79,1.055132174936292,0.31578946,False,False
-0.79,0.925251093076292,0.31578946,False,False
-1.0,0.795372511216292,0.31578946,False,False
-0.25,0.665493929356292,0.31578946,False,False
-1.0,0.535617347496292,0.31578946,False,False
-0.25,0.40574576563629194,0.31578946,False,False
-0.79,0.21092564284629192,0.31578946,False,False
-1.0,0.08105306098629189,0.31578946,False,False
-1.0,0.0,0.31578946,False,False
-1.0,0.0,0.31578946,False,False
-1.0,0.0,0.31578946,False,False
-0.25,0.0,0.2631579,False,False
-0.25,0.0,0.31578946,False,False
-0.25,0.0,0.31578946,False,False
-1.0,0.0,0.31578946,False,False
-1.0,0.0,0.31578946,False,False
-1.0,0.0,0.31578946,False,False
-1.0,0.0,0.31578946,False,False
-1.0,0.0,0.31578946,False,False
-0.25,0.0,0.31578946,False,False
-1.0,0.0,0.31578946,False,False
-1.0,0.0,0.31578946,False,False
-0.25,0.0,0.2631579,False,False
-0.25,0.0,0.21052632,False,False
-1.0,0.0,0.21052632,False,False
-0.04,0.0,0.2631579,False,False
-1.0,0.0,0.2631579,False,False
-1.0,0.0,0.2631579,False,False
-0.79,0.0,0.2631579,False,False
-0.25,0.0,0.2631579,False,False
-0.25,69.89151578973762,0.31578946,False,False
-0.79,69.69674666694762,0.31578946,False,False
-0.25,0.0,0.2631579,False,False
-0.25,69.3721299622976,0.31578946,False,False
-0.25,0.0,0.2631579,False,False
-1.0,0.0,0.2631579,False,False
-0.04,68.9176831757876,0.31578946,False,False
-0.04,68.72292605299761,0.36842105,False,False
-0.04,68.52817193020762,0.42105263,False,False
-0.04,68.33343130741763,0.47368422,False,False
-0.79,68.13868818462763,0.47368422,False,False
-0.04,67.94395006183764,0.47368422,False,False
-0.79,67.74921743904764,0.47368422,False,False
-0.04,67.55447931625764,0.47368422,False,False
-0.79,67.35974019346764,0.47368422,False,False
-1.0,67.16500107067765,0.47368422,False,False
-0.25,66.97026894788765,0.42105263,False,False
-0.04,66.77552782509765,0.36842105,False,False
-0.25,66.58078170230765,0.31578946,False,False
-0.25,0.0,0.2631579,False,False
-0.25,66.25619899765763,0.31578946,False,False
-1.0,66.06144737486763,0.31578946,False,False
-0.25,0.0,0.2631579,False,False
-0.25,0.0,0.2631579,False,False
-0.25,0.0,0.21052632,False,False
-0.25,0.0,0.2631579,False,False
-0.25,65.47718950649762,0.31578946,False,False
-0.04,65.34735092463762,0.36842105,False,False
-0.79,65.21751334277762,0.36842105,False,False
-0.04,65.08768026091762,0.42105263,False,False
-0.04,64.89292813812763,0.47368422,False,False
-0.04,64.69817401533763,0.42105263,False,False
-0.25,64.43849485161763,0.36842105,False,False
-0.04,64.17881718789764,0.31578946,False,False
-0.04,63.91913702417764,0.36842105,False,False
-0.25,63.65946286045763,0.42105263,False,False
-0.04,63.46471723766763,0.47368422,False,False
-0.25,63.26997861487763,0.42105263,False,False
-0.25,63.07524049208763,0.47368422,False,False
-0.04,62.88050236929763,0.47368422,False,False
-0.79,62.685768246507635,0.47368422,False,False
-0.04,62.49103212371764,0.47368422,False,False
-0.79,62.29629300092764,0.47368422,False,False
-1.0,62.101552878137646,0.47368422,False,False
-0.04,61.90681425534765,0.42105263,False,False
-1.0,61.71207563255765,0.42105263,False,False
-1.0,61.517333009767654,0.42105263,False,False
-0.04,61.32259038697766,0.42105263,False,False
-0.04,61.12784926418767,0.36842105,False,False
-0.25,60.933107641397676,0.42105263,False,False
-0.25,60.738370518607674,0.36842105,False,False
-0.04,60.543634395817676,0.31578946,False,False
-0.04,60.348896773027676,0.2631579,False,False
-0.04,60.154158650237676,0.31578946,False,False
-0.25,59.95942002744768,0.2631579,False,False
-0.04,59.699752363727676,0.31578946,False,False
-0.04,59.440084700007674,0.31578946,False,False
-0.25,59.245346077217675,0.31578946,False,False
-0.04,58.98567991349768,0.36842105,False,False
-0.79,58.72601374977768,0.36842105,False,False
-0.04,58.46634258605768,0.36842105,False,False
-0.79,58.20666692233768,0.36842105,False,False
-0.04,57.946996758617686,0.42105263,False,False
-0.79,57.68732709489769,0.42105263,False,False
-1.0,57.427659931177686,0.42105263,False,False
-0.04,57.16798776745768,0.47368422,False,False
-0.25,56.908316103737675,0.47368422,False,False
-0.25,56.648644940017675,0.47368422,False,False
-1.0,56.38898277629768,0.47368422,False,False
-0.25,56.12931661257769,0.47368422,False,False
-0.04,55.869654448857695,0.42105263,False,False
-0.25,55.6099912851377,0.36842105,False,False
-0.79,55.350324621417705,0.36842105,False,False
-1.0,55.09065795769771,0.36842105,False,False
-0.04,54.83099379397771,0.31578946,False,False
-0.04,54.57131813025771,0.2631579,False,False
-0.25,54.31163296653771,0.31578946,False,False
-0.79,54.05195330281771,0.31578946,False,False
-0.25,53.79226813909771,0.36842105,False,False
-0.25,53.53257647537771,0.42105263,False,False
-0.25,53.27288831165772,0.36842105,False,False
-1.0,53.01319264793772,0.36842105,False,False
-1.0,52.75350248421773,0.36842105,False,False
-0.25,52.493800820497725,0.42105263,False,False
-0.25,52.23410615677773,0.47368422,False,False
-1.0,51.97442849305772,0.47368422,False,False
-0.25,51.71475132933772,0.42105263,False,False
-0.25,51.52000420654772,0.47368422,False,False
-1.0,51.260327542827724,0.47368422,False,False
-0.79,51.06557892003773,0.47368422,False,False
-1.0,50.87083229724773,0.47368422,False,False
-1.0,50.67608567445773,0.47368422,False,False
-0.25,50.416404010737736,0.47368422,False,False
-1.0,50.15672884701774,0.47368422,False,False
-1.0,49.96197372422774,0.47368422,False,False
-1.0,49.76722360143774,0.47368422,False,False
-0.25,49.572467478647745,0.47368422,False,False
-0.25,49.37770835585775,0.42105263,False,False
-0.25,49.18295223306775,0.47368422,False,False
-1.0,48.98819711027775,0.47368422,False,False
-1.0,48.79344198748775,0.47368422,False,False
-0.25,48.53376932376776,0.47368422,False,False
-0.25,48.27408216004776,0.47368422,False,False
-0.25,48.07932453725776,0.47368422,False,False
-0.25,47.884565414467765,0.42105263,False,False
-0.25,47.689799291677765,0.36842105,False,False
-0.25,47.43011312795776,0.31578946,False,False
-0.25,47.17042996423776,0.31578946,False,False
-0.25,0.0,0.2631579,False,False
-0.25,0.0,0.21052632,False,False
-1.0,0.0,0.21052632,False,False
-0.25,0.0,0.21052632,False,False
-0.25,0.0,0.2631579,False,False
-0.25,0.0,0.21052632,False,False
-0.25,0.0,0.2631579,False,False
-0.25,45.54736394098777,0.31578946,False,False
-0.25,45.35259231819778,0.31578946,False,False
-0.04,0.0,0.31578946,False,False
-0.25,0.0,0.2631579,False,False
-0.25,44.89813153168776,0.31578946,False,False
-0.25,44.76829294982776,0.31578946,False,False
-0.25,0.0,0.31578946,False,False
-0.25,44.37876320424776,0.36842105,False,False
-0.25,44.18399208145776,0.36842105,False,False
-1.0,43.989219458667755,0.36842105,False,False
-0.79,43.72952429494775,0.36842105,False,False
-0.25,43.53476767215775,0.42105263,False,False
-0.25,43.27509000843776,0.36842105,False,False
-0.25,43.01542384471776,0.42105263,False,False
-0.25,42.755762680997755,0.36842105,False,False
-0.25,0.0,0.31578946,False,False
-1.0,0.0,0.31578946,False,False
-1.0,0.0,0.31578946,False,False
-0.25,41.911851148907736,0.31578946,False,False
-0.25,0.0,0.31578946,False,False
-0.25,41.45741786239773,0.36842105,False,False
-1.0,41.197751698677735,0.36842105,False,False
-1.0,40.873155494027735,0.36842105,False,False
-1.0,40.61349333030773,0.36842105,False,False
-0.25,40.353832166587736,0.31578946,False,False
-0.25,40.09417000286774,0.31578946,False,False
-0.25,0.0,0.2631579,False,False
-0.25,0.0,0.2631579,False,False
-0.25,0.0,0.21052632,False,False
-0.25,0.0,0.21052632,False,False
-0.25,0.0,0.21052632,False,False
-0.25,0.0,0.2631579,False,False
-0.25,0.0,0.2631579,False,False
-0.25,0.0,0.31578946,False,False
-1.0,0.0,0.31578946,False,False
-0.25,0.0,0.2631579,False,False
-0.25,37.75709302938775,0.31578946,False,False
-0.25,37.497402365667746,0.36842105,False,False
-0.25,37.30263524287775,0.31578946,False,False
-0.25,37.04293257915775,0.36842105,False,False
-1.0,36.78322191543775,0.36842105,False,False
-0.25,36.52351475171775,0.31578946,False,False
-0.25,0.0,0.2631579,False,False
-0.25,0.0,0.2631579,False,False
-1.0,0.0,0.2631579,False,False
-0.25,0.0,0.21052632,False,False
-0.25,0.0,0.2631579,False,False
-1.0,0.0,0.2631579,False,False
-0.25,0.0,0.31578946,False,False
-0.25,35.16003489218774,0.36842105,False,False
-0.25,34.83541068753774,0.31578946,False,False
-0.25,34.510792982887736,0.36842105,False,False
-1.0,34.251097319167734,0.36842105,False,False
-0.25,33.991403155447735,0.42105263,False,False
-0.25,33.66679145079773,0.47368422,False,False
-1.0,33.34218124614774,0.47368422,False,False
-1.0,33.017575541497735,0.47368422,False,False
-1.0,32.69298033684773,0.47368422,False,False
-1.0,32.36839013219773,0.47368422,False,False
-1.0,32.043798427547735,0.47368422,False,False
-1.0,31.654281181967736,0.47368422,False,False
-0.25,31.264770936387738,0.47368422,False,False
-1.0,30.875255690807737,0.47368422,False,False
-0.04,30.485746945227735,0.42105263,False,False
-1.0,30.096240699647733,0.42105263,False,False
-0.25,29.706727954067734,0.36842105,False,False
-1.0,29.38214724941773,0.36842105,False,False
-0.25,29.057563544767728,0.31578946,False,False
-0.04,28.732965340117733,0.36842105,False,False
-0.25,28.473294676397735,0.36842105,False,False
-1.0,28.278550553607737,0.36842105,False,False
-0.25,27.95394384895774,0.42105263,False,False
-1.0,27.759198726167742,0.42105263,False,False
-0.25,27.499523062447746,0.47368422,False,False
-0.25,27.239848898727747,0.47368422,False,False
-0.04,26.980176735007745,0.47368422,False,False
-0.04,26.720498571287745,0.42105263,False,False
-0.25,26.39588436663775,0.47368422,False,False
-1.0,26.136195202917747,0.47368422,False,False
-1.0,25.811575498267747,0.47368422,False,False
-0.25,25.486960293617745,0.47368422,False,False
-0.25,25.227275629897747,0.47368422,False,False
-0.25,24.96759396617775,0.42105263,False,False
-1.0,24.70790830245775,0.42105263,False,False
-0.25,24.44822263873775,0.42105263,False,False
-0.25,24.18854047501775,0.47368422,False,False
-0.25,23.92885881129775,0.42105263,False,False
-0.25,23.73411318850775,0.42105263,False,False
-1.0,23.539375565717748,0.42105263,False,False
-0.25,23.344633442927748,0.36842105,False,False
-0.25,23.149885820137747,0.36842105,False,False
-0.25,0.0,0.31578946,False,False
-1.0,0.0,0.31578946,False,False
-0.25,0.0,0.2631579,False,False
-0.25,0.0,0.21052632,False,False
-0.25,0.0,0.15789473,False,False
-0.25,0.0,0.21052632,False,False
-1.0,0.0,0.21052632,False,False
-0.25,0.0,0.15789473,False,False
-0.25,0.0,0.21052632,False,False
-0.25,0.0,0.15789473,False,False
-0.79,0.0,0.15789473,False,False
-1.0,0.0,0.15789473,False,False
-0.25,0.0,0.21052632,False,False
-0.25,0.0,0.15789473,False,False
-1.0,0.0,0.15789473,False,False
-0.25,0.0,0.21052632,False,False
-0.25,0.0,0.15789473,False,False
-1.0,0.0,0.15789473,False,False
-0.25,0.0,0.21052632,False,False
-0.25,0.0,0.21052632,False,False
-0.25,0.0,0.21052632,False,False
-0.25,0.0,0.21052632,False,False
-0.25,0.0,0.15789473,False,False
-0.25,0.0,0.21052632,False,False
-0.25,0.0,0.15789473,False,False
-0.25,0.0,0.21052632,False,False
-1.0,0.0,0.21052632,False,False
-1.0,0.0,0.21052632,False,False
-0.25,0.0,0.15789473,False,False
-0.25,0.0,0.21052632,False,False
-0.04,0.0,0.21052632,False,False
-0.25,0.0,0.15789473,False,False
-1.0,0.0,0.15789473,False,False
-0.25,0.0,0.15789473,False,False
-0.25,0.0,0.21052632,False,False
-1.0,0.0,0.21052632,False,False
-0.25,0.0,0.15789473,False,False
-0.25,0.0,0.21052632,False,False
-1.0,0.0,0.21052632,False,False
-0.25,0.0,0.21052632,False,False
-1.0,0.0,0.21052632,False,False
-1.0,0.0,0.21052632,False,False
-0.25,0.0,0.21052632,False,False
-0.25,0.0,0.15789473,False,False
-0.25,0.0,0.21052632,False,False
-0.25,0.0,0.15789473,False,False
-1.0,0.0,0.15789473,False,False
-1.0,0.0,0.15789473,False,False
-0.25,0.0,0.21052632,False,False
-1.0,0.0,0.21052632,False,False
-0.25,0.0,0.15789473,False,False
-0.25,0.0,0.15789473,False,False
-0.25,0.0,0.21052632,False,False
-1.0,0.0,0.21052632,False,False
-1.0,0.0,0.21052632,False,False
-1.0,0.0,0.21052632,False,False
-0.25,0.0,0.15789473,False,False
-1.0,0.0,0.15789473,False,False
-0.25,0.0,0.21052632,False,False
-1.0,0.0,0.21052632,False,False
-0.25,0.0,0.21052632,False,False
-0.25,0.0,0.2631579,False,False
-1.0,0.0,0.2631579,False,False
-0.25,18.086414627597744,0.31578946,False,False
-0.25,0.0,0.2631579,False,False
-0.25,0.0,0.2631579,False,False
-0.25,17.826744963877744,0.31578946,False,False
-0.25,17.696907882017744,0.31578946,False,False
-0.25,0.0,0.2631579,False,False
-0.25,0.0,0.21052632,False,False
-0.25,0.0,0.21052632,False,False
-0.25,0.0,0.2631579,False,False
-0.25,17.307351636437748,0.31578946,False,False
-0.25,0.0,0.31578946,False,False
-0.25,17.11255751364775,0.36842105,False,False
-0.25,16.982698931787752,0.31578946,False,False
-0.25,16.852835849927754,0.31578946,False,False
-0.25,0.0,0.2631579,False,False
-0.25,0.0,0.21052632,False,False
-0.25,0.0,0.21052632,False,False
-0.25,0.0,0.2631579,False,False
-0.25,0.0,0.21052632,False,False
-1.0,0.0,0.21052632,False,False
-0.25,0.0,0.21052632,False,False
-1.0,0.0,0.21052632,False,False
-0.25,0.0,0.2631579,False,False
-1.0,0.0,0.2631579,False,False
-1.0,0.0,0.2631579,False,False
-1.0,0.0,0.2631579,False,False
-0.25,0.0,0.21052632,False,False
-0.25,0.0,0.21052632,False,False
-1.0,0.0,0.21052632,False,False
-1.0,0.0,0.21052632,False,False
-0.25,0.0,0.15789473,False,False
-0.25,0.0,0.21052632,False,True
-0.04,69.43938485392593,0.31578946,False,False
-0.25,69.04981910834593,0.36842105,False,False
-0.25,68.66024786276593,0.31578946,False,False
-0.04,68.27068161718593,0.36842105,False,False
-0.04,67.94604041253592,0.42105263,False,False
-0.25,67.62139470788591,0.36842105,False,False
-0.25,67.36169204416592,0.36842105,False,False
-0.04,67.10199138044592,0.31578946,False,False
-0.04,66.84229271672592,0.2631579,False,False
-0.79,66.58259455300592,0.2631579,False,False
-0.04,66.32289988928592,0.2631579,False,False
-0.79,66.06320422556593,0.2631579,False,False
-0.04,65.80350806184593,0.21052632,False,False
-0.79,65.54381389812593,0.21052632,False,False
-0.79,65.21919069347594,0.21052632,False,False
-0.04,64.89457348882593,0.15789473,False,False
-0.04,64.56995378417592,0.15789473,False,False
-0.04,64.24533057952593,0.10526316,False,False
-0.04,63.98564041580592,0.10526316,False,False
-0.04,63.725947752085915,0.10526316,False,False
-0.79,63.40132004743591,0.10526316,False,False
-0.04,63.141625383715905,0.05263158,False,False
-0.79,62.7520411381359,0.05263158,False,False
-0.79,62.4923329744159,0.05263158,False,False
-0.25,62.167681769765906,0.10526316,False,False
-0.04,61.8430370651159,0.10526316,False,False
-0.25,61.4534598195359,0.10526316,False,False
-0.25,61.0638825739559,0.10526316,False,False
-0.04,60.804184410235905,0.15789473,False,False
-0.04,60.54448674651591,0.15789473,False,False
-0.25,60.28478508279591,0.15789473,False,False
-0.25,60.02508991907592,0.15789473,False,False
-0.79,59.76538675535591,0.15789473,False,False
-0.79,59.50568459163591,0.15789473,False,False
-0.79,59.24598392791591,0.15789473,False,False
-1.0,58.98628626419591,0.15789473,False,False
-1.0,58.72659210047591,0.15789473,False,False
-0.79,58.466892436755906,0.15789473,False,False
-1.0,58.2071907730359,0.15789473,False,False
-0.25,57.94749160931589,0.10526316,False,False
-0.79,57.68778544559589,0.10526316,False,False
-0.25,57.428081781875896,0.15789473,False,False
-1.0,57.233313159085895,0.15789473,False,False
-0.25,56.973608495365895,0.10526316,False,False
-0.04,56.778833872575895,0.15789473,False,False
-0.25,56.584061749785896,0.10526316,False,False
-0.25,56.38929462699589,0.15789473,False,False
-0.04,56.19452250420589,0.21052632,False,False
-0.79,55.934814340485886,0.21052632,False,False
-1.0,55.74003871769588,0.21052632,False,False
-1.0,55.48033205397588,0.21052632,False,False
-0.04,55.22063039025587,0.2631579,False,False
-0.04,54.96092522653586,0.2631579,False,False
-0.25,54.70122606281586,0.21052632,False,False
-0.25,54.44152789909586,0.2631579,False,False
-0.04,54.18183323537586,0.31578946,False,False
-0.79,53.922135071655866,0.31578946,False,False
-0.79,53.66243690793587,0.31578946,False,False
-0.79,53.40273574421587,0.31578946,False,False
-0.79,53.20796362142587,0.31578946,False,False
-0.79,53.01319449863587,0.31578946,False,False
-0.04,52.81841987584587,0.31578946,False,False
-0.25,52.62364775305587,0.2631579,False,False
-0.25,52.42887913026587,0.21052632,False,False
-1.0,52.23410950747587,0.21052632,False,False
-0.25,52.03934138468587,0.15789473,False,False
-0.25,51.84457426189587,0.15789473,False,False
-0.25,51.649807639105866,0.15789473,False,False
-1.0,51.39009547538586,0.15789473,False,False
-0.25,51.19533285259586,0.15789473,False,False
-0.25,50.93562718887586,0.15789473,False,False
-0.25,50.67592252515587,0.10526316,False,False
-0.25,50.41622036143587,0.15789473,False,False
-0.25,50.22145123864587,0.10526316,False,False
-0.25,49.96174607492587,0.15789473,False,False
-0.25,49.70204291120587,0.15789473,False,False
-0.25,49.44233874748587,0.10526316,False,False
-0.25,49.18264008376587,0.10526316,False,False
-0.25,48.92293792004587,0.10526316,False,False
-0.25,48.66323775632586,0.05263158,False,False
400,48.403535092605864,0.0,True,False
-0.04,86.97881086986831,0.05263158,False,False
400,86.65417216521831,0.0,True,False
-0.79,39.06035506612994,0.42105263,False,False
-0.79,38.80064090240993,0.42105263,False,False
-0.79,38.54092723868993,0.42105263,False,False
-0.04,38.28121157496993,0.47368422,False,False
-0.79,37.956569370319926,0.47368422,False,False
-1.0,37.63192966566992,0.47368422,False,False
-1.0,37.30729146101992,0.47368422,False,False
-1.0,36.98265075636992,0.47368422,False,False
-0.04,36.72294359264992,0.47368422,False,False
-0.04,36.39830388799992,0.42105263,False,False
-0.04,36.13860572427993,0.42105263,False,False
-0.04,35.878904060559925,0.47368422,False,False
-0.04,35.55426585590992,0.47368422,False,False
-0.25,35.229631651259915,0.42105263,False,False
-0.25,34.90500694660991,0.47368422,False,False
-0.04,34.580369741959906,0.42105263,False,False
-0.04,34.2557300373099,0.42105263,False,False
-0.79,33.9960218735899,0.42105263,False,False
-0.25,33.67138216893991,0.47368422,False,False
-0.25,33.34674446428991,0.42105263,False,False
-0.79,33.022121759639916,0.42105263,False,False
-0.04,32.697506554989914,0.36842105,False,False
-1.0,32.37289035033991,0.36842105,False,False
-0.25,32.04827414568991,0.42105263,False,False
-0.25,31.723658941039908,0.36842105,False,False
-0.25,31.399052236389906,0.42105263,False,False
-1.0,31.0744415317399,0.42105263,False,False
-0.04,30.7498303270899,0.47368422,False,False
-0.79,30.4252101224399,0.47368422,False,False
-1.0,30.100591917789902,0.47368422,False,False
-1.0,29.775973213139903,0.47368422,False,False
-0.04,29.451359008489902,0.42105263,False,False
-0.04,29.126741803839902,0.47368422,False,False
-0.04,28.802115099189905,0.42105263,False,False
-0.04,28.477490394539906,0.47368422,False,False
-0.25,28.152861189889908,0.47368422,False,False
-1.0,27.828235985239907,0.47368422,False,False
-0.25,27.503607280589904,0.42105263,False,False
-0.04,27.178973075939904,0.47368422,False,False
-0.04,41.39390602203402,0.47368422,False,False
-0.79,41.134204358314015,0.47368422,False,False
-1.0,40.874494194594014,0.47368422,False,False
-0.25,26.0752503801299,0.47368422,False,False
-0.04,25.7506086754799,0.42105263,False,False
-0.25,25.425961970829903,0.42105263,False,False
-0.25,25.101317766179907,0.47368422,False,False
-0.79,24.84160910245991,0.47368422,False,False
-0.25,24.516965897809907,0.47368422,False,False
-0.04,32.05871709211931,0.47368422,False,False
-1.0,31.799047928399307,0.47368422,False,False
-0.79,31.53937676467931,0.47368422,False,False
-0.25,23.478141742929907,0.47368422,False,False
-0.25,23.153491038279906,0.47368422,False,False
-0.79,22.82883783362991,0.47368422,False,False
-1.0,22.50418162897991,0.47368422,False,False
-0.25,38.27748955739399,0.47368422,False,False
-0.25,21.984749801539905,0.47368422,False,False
-0.25,21.660091596889902,0.42105263,False,False
-0.79,21.335449892239904,0.42105263,False,False
-0.79,21.010797687589903,0.42105263,False,False
-1.0,20.7510935238699,0.42105263,False,False
-0.04,37.238728902513984,0.47368422,False,False
-0.04,36.97902523879398,0.47368422,False,False
-0.25,36.78425311600398,0.47368422,False,False
-0.25,36.52455295228398,0.47368422,False,False
-0.04,36.26485628856398,0.47368422,False,False
-0.25,36.070090165773976,0.47368422,False,False
-0.79,35.810391502053974,0.47368422,False,False
-0.25,18.608512673179902,0.47368422,False,False
-0.25,18.2838654685299,0.47368422,False,False
-0.04,17.9592282638799,0.42105263,False,False
-0.25,17.6345960592299,0.42105263,False,False
-1.0,17.3748988955099,0.42105263,False,False
-0.25,17.1152042317899,0.42105263,False,False
-0.25,16.8555100680699,0.47368422,False,False
-0.25,16.5958129043499,0.47368422,False,False
-0.25,16.3361127406299,0.47368422,False,False
-0.25,16.0764155769099,0.42105263,False,False
-0.25,15.8167229131899,0.47368422,False,False
-0.25,15.5570267494699,0.47368422,False,False
-1.0,15.297329085749901,0.47368422,False,False
-1.0,15.037633422029902,0.47368422,False,False
-0.25,14.777934758309902,0.47368422,False,False
-0.25,14.518232094589901,0.47368422,False,False
-0.79,14.258534430869902,0.47368422,False,False
-0.04,13.998832267149904,0.42105263,False,False
-0.79,13.739132103429904,0.42105263,False,False
-0.04,13.479429939709904,0.47368422,False,False
-0.79,13.219725775989904,0.47368422,False,False
-1.0,12.960022612269904,0.47368422,False,False
-1.0,12.700316948549904,0.47368422,False,False
-1.0,12.440606284829904,0.47368422,False,False
-1.0,12.180892121109906,0.47368422,False,False
-0.25,11.986108998319907,0.42105263,False,False
-0.79,11.791335375529908,0.42105263,False,False
-0.25,11.596564752739908,0.47368422,False,False
-1.0,11.40178912994991,0.47368422,False,False
-0.25,11.20701150715991,0.42105263,False,False
-1.0,11.012238884369909,0.42105263,False,False
-1.0,10.817465761579909,0.42105263,False,False
-0.25,10.622691138789909,0.47368422,False,False
-1.0,10.42791201599991,0.47368422,False,False
-1.0,10.23313189320991,0.47368422,False,False
-1.0,10.03835177041991,0.47368422,False,False
-0.25,9.84357064762991,0.42105263,False,False
-0.25,9.64879602483991,0.47368422,False,False
-0.25,9.454016902049911,0.47368422,False,False
-0.25,9.259239779259913,0.47368422,False,False
-0.25,9.064462656469914,0.47368422,False,False
-1.0,8.804742492749915,0.47368422,False,False
-0.25,8.609960369959916,0.42105263,False,False
-0.79,8.415182747169917,0.42105263,False,False
-0.25,8.220400624379916,0.42105263,False,False
-0.79,8.025619501589915,0.42105263,False,False
-1.0,7.830834878799915,0.42105263,False,False
-1.0,7.636044256009915,0.42105263,False,False
-0.25,7.441253633219914,0.42105263,False,False
-0.25,7.311401551359914,0.47368422,False,False
-1.0,7.181541469499914,0.47368422,False,False
-0.79,7.051681387639913,0.47368422,False,False
-1.0,6.921817805779913,0.47368422,False,False
-1.0,6.791954223919912,0.47368422,False,False
-1.0,6.662090642059912,0.47368422,False,False
-0.25,6.532225560199912,0.42105263,False,False
-1.0,6.402364978339912,0.42105263,False,False
-0.25,6.272504396479912,0.42105263,False,False
-1.0,6.1426463146199115,0.42105263,False,False
-0.25,5.947854691829911,0.47368422,False,False
-0.25,5.753065069039911,0.47368422,False,False
-0.25,5.623205987179912,0.47368422,False,False
-0.25,5.493345405319912,0.47368422,False,False
-0.25,5.363482323459912,0.42105263,False,False
-0.25,5.233623741599912,0.47368422,False,False
-0.25,5.103763159739912,0.42105263,False,False
-1.0,4.908974036949911,0.42105263,False,False
-1.0,4.7791214550899115,0.42105263,False,False
-0.25,4.649268873229912,0.42105263,False,False
-1.0,4.454482250439911,0.42105263,False,False
-0.25,4.259692627649911,0.47368422,False,False
-0.25,4.064899504859911,0.47368422,False,False
-0.25,3.935034422999911,0.42105263,False,False
-0.79,3.740230300209911,0.42105263,False,False
-1.0,3.545426177419911,0.42105263,False,False
-0.25,3.3506220546299113,0.47368422,False,False
-0.25,3.2207604727699115,0.47368422,False,False
-0.25,2.9610413090499117,0.47368422,False,False
-0.25,2.701327145329912,0.47368422,False,False
-0.25,2.4416174816099123,0.47368422,False,False
-0.25,2.181909817889913,0.42105263,False,False
-0.25,1.922205154169913,0.42105263,False,False
-0.25,1.6624954904499127,0.47368422,False,False
-0.25,1.402779326729913,0.42105263,False,False
-0.25,1.1430661630099128,0.42105263,False,False
-0.25,0.8833459992899126,0.47368422,False,False
-0.25,0.6236173355699125,0.42105263,False,False
-0.79,0.36389267184991253,0.42105263,False,False
-0.25,0.10415200812991247,0.47368422,False,False
-0.25,0.0,0.47368422,False,False
-1.0,0.0,0.47368422,False,False
-0.25,0.0,0.42105263,False,False
-0.04,1.158664109439344,0.36842105,False,False
-0.04,0.7691728638593438,0.31578946,False,False
-0.79,0.3796776182793437,0.31578946,False,False
-0.04,0.0,0.31578946,False,False
-1.0,0.0,0.31578946,False,False
-1.0,0.0,0.31578946,False,False
-0.25,0.0,0.36842105,False,False
-0.04,0.0,0.42105263,False,False
-1.0,0.0,0.42105263,False,False
-1.0,0.0,0.42105263,False,False
-0.25,0.0,0.42105263,False,False
-1.0,0.0,0.42105263,False,False
-1.0,0.0,0.42105263,False,False
-0.25,0.0,0.42105263,False,False
-1.0,0.0,0.42105263,False,False
-1.0,0.0,0.42105263,False,False
-0.04,0.0,0.36842105,False,False
-0.25,0.0,0.31578946,False,False
-1.0,0.0,0.31578946,False,False
-1.0,0.0,0.31578946,False,False
-0.25,0.0,0.31578946,False,False
-0.04,0.0,0.31578946,False,False
-0.79,0.0,0.31578946,False,False
-0.04,0.0,0.36842105,False,False
-0.79,0.0,0.36842105,False,False
-1.0,0.0,0.36842105,False,False
-0.79,0.0,0.36842105,False,False
-0.04,0.0,0.42105263,False,False
-0.79,0.0,0.42105263,False,False
-1.0,0.0,0.42105263,False,False
-0.79,0.0,0.42105263,False,False
-0.04,0.0,0.47368422,False,False
-0.25,0.0,0.42105263,False,False
-1.0,0.0,0.42105263,False,False
-0.04,0.0,0.47368422,False,False
-0.04,0.0,0.47368422,False,False
-0.04,0.0,0.42105263,False,False
-0.79,0.0,0.42105263,False,False
-0.04,0.0,0.36842105,False,False
-0.79,0.0,0.36842105,False,False
-0.25,0.0,0.42105263,False,False
-0.79,0.0,0.42105263,False,False
-0.79,0.0,0.42105263,False,False
-0.79,0.0,0.42105263,False,False
-1.0,0.0,0.42105263,False,False
-0.25,0.0,0.47368422,False,False
-0.25,0.0,0.42105263,False,False
-1.0,0.0,0.42105263,False,False
-0.25,0.0,0.47368422,False,False
-0.25,0.0,0.42105263,False,False
-1.0,0.0,0.42105263,False,False
-1.0,0.0,0.42105263,False,False
-0.25,0.0,0.47368422,False,False
-1.0,0.0,0.47368422,False,False
-1.0,0.0,0.47368422,False,False
-0.25,0.0,0.47368422,False,False
-1.0,0.0,0.47368422,False,False
-1.0,0.0,0.47368422,False,False
-0.25,0.0,0.47368422,False,False
-0.04,0.0,0.47368422,False,False
-0.04,0.0,0.47368422,False,False
-0.79,0.0,0.47368422,False,False
-0.04,0.0,0.47368422,False,False
-0.25,0.0,0.47368422,False,False
-0.25,0.0,0.47368422,False,False
-1.0,0.0,0.47368422,False,False
-0.04,0.0,0.47368422,False,False
-0.25,0.0,0.47368422,False,False
-0.25,0.0,0.47368422,False,False
-0.25,0.0,0.47368422,False,False
-0.04,0.0,0.42105263,False,False
-0.04,0.0,0.36842105,False,False
-0.25,0.0,0.42105263,False,False
-0.25,0.0,0.47368422,False,False
-1.0,0.0,0.47368422,False,False
-0.25,0.0,0.47368422,False,False
-0.25,0.0,0.47368422,False,False
-1.0,0.0,0.47368422,False,False
-1.0,0.0,0.47368422,False,False
-0.04,0.0,0.42105263,False,False
-0.79,0.0,0.42105263,False,False
-0.04,0.0,0.36842105,False,False
-0.04,0.0,0.42105263,False,False
-0.25,0.0,0.47368422,False,False
-1.0,0.0,0.47368422,False,False
-0.79,0.0,0.47368422,False,False
-0.25,0.0,0.47368422,False,False
-1.0,0.0,0.47368422,False,False
-0.79,0.0,0.47368422,False,False
-0.25,0.0,0.42105263,False,False
-1.0,0.0,0.42105263,False,False
-0.04,0.0,0.36842105,False,False
-1.0,0.0,0.36842105,False,False
-0.25,0.0,0.42105263,False,False
-0.25,0.0,0.36842105,False,False
-0.79,0.0,0.36842105,False,False
-0.79,0.0,0.36842105,False,False
-0.04,0.0,0.42105263,False,False
-0.25,0.0,0.47368422,False,False
-0.25,0.0,0.47368422,False,False
-0.25,0.0,0.47368422,False,False
-0.25,0.0,0.47368422,False,False
-0.25,0.0,0.42105263,False,False
-0.25,0.0,0.36842105,False,False
-0.04,0.0,0.31578946,False,False
-0.25,0.0,0.36842105,False,False
-0.04,0.0,0.31578946,False,False
-0.25,0.0,0.31578946,False,False
-1.0,0.0,0.31578946,False,False
-0.25,0.0,0.36842105,False,False
-1.0,0.0,0.36842105,False,False
-0.25,0.0,0.31578946,False,False
-0.25,0.0,0.36842105,False,False
-0.25,0.0,0.31578946,False,False
-0.04,31.742767608330055,0.2631579,False,False
-0.04,31.677826067400055,0.2631579,False,False
-0.25,31.612882026470054,0.2631579,False,False
-0.04,31.547940485540053,0.2631579,False,False
-0.04,31.483000444610052,0.21052632,False,False
-0.04,31.418063903680054,0.21052632,False,False
-0.79,31.353125862750055,0.21052632,False,False
-0.04,31.288187821820056,0.15789473,False,False
-0.04,31.223252280890055,0.21052632,False,False
-0.04,31.158319739960056,0.21052632,False,False
-0.79,31.093387699030057,0.21052632,False,False
-0.25,31.028455658100057,0.21052632,False,False
-0.04,30.96352311717006,0.2631579,False,False
-0.79,30.89858957624006,0.2631579,False,False
-0.25,30.83365603531006,0.21052632,False,False
-0.04,30.76871949438006,0.21052632,False,False
-0.25,30.70378545345006,0.15789473,False,False
-0.25,30.638849912520058,0.21052632,False,False
-0.79,30.57391737159006,0.21052632,False,False
-0.04,30.50898483066006,0.15789473,False,False
-0.25,30.44405078973006,0.21052632,False,False
-0.04,30.31417420787006,0.15789473,False,False
-0.25,30.18429662601006,0.15789473,False,False
-0.25,30.054421044150057,0.21052632,False,False
-0.25,29.92454246229006,0.21052632,False,False
-1.0,29.794662380430058,0.21052632,False,False
-1.0,29.664784298570055,0.21052632,False,False
-0.25,29.534904216710054,0.15789473,False,False
-0.25,29.405022634850052,0.21052632,False,False
-1.0,29.275136052990053,0.21052632,False,False
-0.25,29.145249471130054,0.21052632,False,False
-0.25,28.95042534834005,0.21052632,False,False
-0.25,28.755599225550053,0.15789473,False,False
-0.25,28.560777102760053,0.15789473,False,False
-0.79,28.43089902090005,0.15789473,False,False
-0.25,28.236074898110047,0.21052632,False,False
-0.25,28.04125027532005,0.15789473,False,False
-0.79,27.84642665253005,0.15789473,False,False
-0.25,27.71654857067005,0.21052632,False,False
-0.25,27.65161602974005,0.15789473,False,False
-0.04,27.521736447880052,0.21052632,False,False
-0.25,27.456803906950054,0.15789473,False,False
-0.25,27.391870366020054,0.21052632,False,False
-0.04,27.261992284160055,0.15789473,False,False
-1.0,27.067164661370054,0.15789473,False,False
-0.25,26.87234053858005,0.21052632,False,False
-0.25,26.807407997650053,0.21052632,False,False
-0.25,26.677527415790053,0.15789473,False,False
-0.25,26.54764583393005,0.15789473,False,False
-0.25,26.48271029300005,0.15789473,False,False
-0.25,26.41777625207005,0.15789473,False,False
-0.25,26.35284271114005,0.21052632,False,False
-0.25,26.28791017021005,0.21052632,False,False
-0.25,26.22297812928005,0.15789473,False,False
-1.0,26.15804408835005,0.15789473,False,False
-0.79,26.093110047420048,0.15789473,False,False
-1.0,26.028176006490046,0.15789473,False,False
-0.25,25.963241965560044,0.21052632,False,False
-0.79,25.898309424630046,0.21052632,False,False
-0.25,25.833376883700048,0.15789473,False,False
-1.0,25.768442842770046,0.15789473,False,False
-0.25,25.703508801840044,0.21052632,False,False
-0.25,25.638576760910045,0.21052632,False,False
-0.25,25.573644219980046,0.2631579,False,False
-0.25,25.443763138120048,0.21052632,False,False
-0.25,25.378829097190046,0.15789473,False,False
-1.0,25.313893556260044,0.15789473,False,False
-0.79,25.184009474400042,0.15789473,False,False
-1.0,25.05412639254004,0.15789473,False,False
-0.25,24.92424681068004,0.15789473,False,False
-0.25,24.794368728820036,0.15789473,False,False
-0.25,24.664485646960035,0.21052632,False,False
-0.25,24.534600065100037,0.2631579,False,False
-0.25,24.469656024170035,0.2631579,False,False
-0.25,24.404714483240035,0.21052632,False,False
-0.25,24.274836401380036,0.21052632,False,False
-0.25,24.144958319520036,0.21052632,False,False
-0.25,23.950138696730036,0.2631579,False,False
-0.25,23.755312573940035,0.21052632,False,False
-0.25,23.625437992080037,0.2631579,False,False
-0.04,23.49556641022004,0.31578946,False,False
-1.0,23.36569432836004,0.31578946,False,False
-0.25,23.235818746500037,0.2631579,False,False
-0.04,23.170885205570038,0.31578946,False,False
-0.79,23.10595266464004,0.31578946,False,False
-0.79,23.04102012371004,0.31578946,False,False
-0.79,22.911141541850043,0.31578946,False,False
-0.25,22.846209000920044,0.2631579,False,False
-0.25,22.716331419060044,0.31578946,False,False
-0.25,22.586454337200045,0.2631579,False,False
-0.25,22.521520796270046,0.21052632,False,False
-0.25,22.456586755340044,0.21052632,False,False
-0.25,22.391650214410046,0.2631579,False,False
-0.25,22.326716673480046,0.31578946,False,False
-1.0,22.261782632550045,0.31578946,False,False
-0.04,22.131904050690043,0.31578946,False,False
-0.79,22.002027468830043,0.31578946,False,False
-1.0,21.872154386970045,0.31578946,False,False
-1.0,21.742277805110046,0.31578946,False,False
-1.0,21.547451182320046,0.31578946,False,False
-0.79,21.352628059530048,0.31578946,False,False
-0.79,21.15780943674005,0.31578946,False,False
-0.25,21.02793735488005,0.2631579,False,False
-0.25,20.833125232090048,0.21052632,False,False
-0.25,20.638313109300046,0.21052632,False,False
-0.25,20.443501986510046,0.15789473,False,False
-1.0,20.248689863720045,0.15789473,False,False
-1.0,20.053873740930047,0.15789473,False,False
-0.25,19.85906311814005,0.21052632,False,False
-1.0,19.664246995350048,0.21052632,False,False
-0.25,19.46943237256005,0.21052632,False,False
-0.25,19.274617249770053,0.15789473,False,False
-0.25,19.079801126980055,0.21052632,False,False
-1.0,18.949936545120057,0.21052632,False,False
-0.25,18.82007046326006,0.15789473,False,False
-0.25,18.69020388140006,0.21052632,False,False
-1.0,18.495394258610062,0.21052632,False,False
-0.25,18.300583135820062,0.15789473,False,False
-0.25,18.10577101303006,0.15789473,False,False
-1.0,17.975902931170058,0.15789473,False,False
-1.0,17.781090808380053,0.15789473,False,False
-0.79,17.58627918559005,0.15789473,False,False
-0.79,17.39146856280005,0.15789473,False,False
-1.0,17.19665794001005,0.15789473,False,False
-1.0,17.001847317220047,0.15789473,False,False
-1.0,16.807035694430045,0.15789473,False,False
-1.0,16.612225071640044,0.15789473,False,False
-1.0,16.417414448850042,0.15789473,False,False
-1.0,16.287547866990042,0.15789473,False,False
-1.0,16.15768028513004,0.15789473,False,False
-1.0,16.02781370327004,0.15789473,False,False
-0.25,15.833002580480041,0.15789473,False,False
-1.0,15.638190957690043,0.15789473,False,False
-0.25,15.443378834900043,0.21052632,False,False
-0.25,15.248568212110044,0.21052632,False,False
-0.25,15.053757089320044,0.21052632,False,False
-0.25,14.858938466530043,0.21052632,False,False
-1.0,14.664119343740042,0.21052632,False,False
-0.25,14.469302720950042,0.15789473,False,False
-1.0,14.274483098160042,0.15789473,False,False
-1.0,14.079663475370042,0.15789473,False,False
-0.25,13.884850852580042,0.15789473,False,False
-0.25,13.690037229790043,0.21052632,False,False
-0.25,13.495226607000044,0.21052632,False,False
-0.25,13.300413984210044,0.21052632,False,False
-0.25,13.170549402350044,0.15789473,False,False
-1.0,13.040681320490044,0.15789473,False,False
-1.0,12.845870697700045,0.15789473,False,False
-1.0,12.651058574910046,0.15789473,False,False
-0.25,12.456246952120047,0.15789473,False,False
-0.25,12.261429829330048,0.15789473,False,False
-1.0,12.066609206540047,0.15789473,False,False
-0.25,11.871788583750046,0.21052632,False,False
-1.0,11.676973960960046,0.21052632,False,False
-0.25,11.547103379100045,0.21052632,False,False
-0.25,11.417232797240045,0.2631579,False,False
-0.25,11.287366715380045,0.31578946,False,False
-1.0,11.157497633520045,0.31578946,False,False
-1.0,11.027628551660044,0.31578946,False,False
-1.0,10.897759469800043,0.31578946,False,False
-1.0,10.767888887940043,0.31578946,False,False
-1.0,10.638018306080042,0.31578946,False,False
-1.0,10.50814522422004,0.31578946,False,False
-0.25,10.37827214236004,0.31578946,False,False
-0.25,10.248401560500039,0.31578946,False,False
-0.25,10.118530978640038,0.31578946,False,False
-1.0,9.988662896780038,0.31578946,False,False
-0.25,9.793846273990038,0.31578946,False,False
-1.0,9.663977192130037,0.31578946,False,False
-0.04,9.534110610270037,0.31578946,False,False
-1.0,9.404242028410037,0.31578946,False,False
-1.0,9.274373446550037,0.31578946,False,False
-1.0,9.144504864690036,0.31578946,False,False
-0.79,9.014636282830036,0.31578946,False,False
-1.0,8.884770700970037,0.31578946,False,False
-0.04,8.754902119110037,0.31578946,False,False
-1.0,8.560081996320037,0.31578946,False,False
-0.79,8.430203414460037,0.31578946,False,False
-1.0,8.300329332600036,0.31578946,False,False
-1.0,8.235396791670036,0.31578946,False,False
-0.25,8.105522709810035,0.31578946,False,False
-1.0,7.910702587020035,0.31578946,False,False
-1.0,7.715884964230035,0.31578946,False,False
-1.0,7.586012882370036,0.31578946,False,False
-0.25,7.4561408005100365,0.31578946,False,False
-1.0,7.326266718650037,0.31578946,False,False
-0.25,7.131445595860036,0.31578946,False,False
-0.25,7.066511554930036,0.2631579,False,False
-0.25,7.001578014000036,0.31578946,False,False
-1.0,6.871703932140036,0.31578946,False,False
-1.0,6.741829850280037,0.31578946,False,False
-1.0,6.547013227490036,0.31578946,False,False
-0.25,6.352201104700036,0.31578946,False,False
-0.25,6.1573894819100365,0.31578946,False,False
-0.25,5.962576359120036,0.31578946,False,False
-0.79,5.702820195400037,0.31578946,False,False
-1.0,5.508008072610037,0.31578946,False,False
-1.0,5.378139490750038,0.31578946,False,False
-1.0,5.183323367960038,0.31578946,False,False
-1.0,4.988507245170039,0.31578946,False,False
-1.0,4.79369512238004,0.31578946,False,False
-1.0,4.53393945866004,0.31578946,False,False
-1.0,4.339133335870041,0.31578946,False,False
-1.0,4.144326213080041,0.31578946,False,False
-1.0,3.9495160902900417,0.31578946,False,False
-0.25,3.7547024675000418,0.31578946,False,False
-0.79,3.559888344710042,0.31578946,False,False
-1.0,3.3001271809900414,0.31578946,False,False
-0.25,3.0403685172700414,0.31578946,False,False
-1.0,2.8455563944800417,0.31578946,False,False
-0.25,2.5857987307600414,0.31578946,False,False
-1.0,2.3260420670400412,0.31578946,False,False
-0.25,2.066275903320041,0.2631579,False,False
-0.25,1.8065087396000412,0.21052632,False,False
-0.25,1.546746075880041,0.15789473,False,False
-1.0,1.351927953090041,0.15789473,False,False
-0.25,1.222054371230041,0.15789473,False,False
-0.25,1.0272407484400408,0.15789473,False,False
-0.25,0.8324306256500407,0.21052632,False,False
-0.25,0.6376195028600407,0.21052632,False,False
-0.25,0.3778598391400406,0.21052632,False,False
-0.25,0.18305021635004054,0.15789473,False,False
-0.25,0.0,0.15789473,False,False
-1.0,0.0,0.15789473,False,False
-0.25,0.0,0.21052632,False,False
-0.25,0.0,0.15789473,False,True
-0.04,3.8642338773924867,0.47368422,False,False
-0.04,3.734355795532487,0.47368422,False,False
-0.79,3.6044777136724866,0.47368422,False,False
-0.25,3.4745976318124865,0.47368422,False,False
-0.04,80.3609127936188,0.42105263,False,False
-0.25,3.2797865090224865,0.47368422,False,False
-0.79,3.1499094271624863,0.47368422,False,False
-1.0,3.020032345302486,0.47368422,False,False
-0.79,2.890155263442486,0.47368422,False,False
-1.0,2.760278181582486,0.47368422,False,False
-0.04,79.3870896796688,0.42105263,False,False
-0.25,2.5654685587924857,0.47368422,False,False
-0.25,2.4355919769324856,0.47368422,False,False
-0.25,2.305713895072486,0.47368422,False,False
-0.79,2.1758353132124855,0.47368422,False,False
-0.25,2.045956731352485,0.47368422,False,False
-1.0,1.916080149492485,0.47368422,False,False
-0.25,1.786203567632485,0.47368422,False,False
-1.0,1.656324985772485,0.47368422,False,False
-0.25,1.526446903912485,0.47368422,False,False
-0.25,1.396568322052485,0.47368422,False,False
-1.0,1.2666902401924849,0.47368422,False,False
-0.04,1.1368121583324848,0.47368422,False,False
-0.04,1.0069340764724848,0.42105263,False,False
-0.79,0.8770499946124848,0.42105263,False,False
-0.25,0.7471664127524847,0.47368422,False,False
-0.79,0.6172893308924847,0.47368422,False,False
-0.25,0.4874107490324847,0.47368422,False,False
-1.0,0.3575286671724847,0.47368422,False,False
-0.25,0.2276405853124847,0.42105263,False,False
-0.25,75.55668226479884,0.42105263,False,False
-0.25,75.29699410107884,0.42105263,False,False
-0.25,75.03730943735883,0.42105263,False,False
-0.79,74.77761827363884,0.42105263,False,False
-0.25,0.0,0.47368422,False,False
-0.25,0.0,0.42105263,False,False
-0.79,0.0,0.42105263,False,False
-0.25,0.0,0.47368422,False,False
-0.79,0.0,0.47368422,False,False
-0.25,0.0,0.47368422,False,False
-1.0,0.0,0.47368422,False,False
-1.0,0.0,0.47368422,False,False
-1.0,0.0,0.47368422,False,False
-1.0,0.0,0.47368422,False,False
-1.0,0.0,0.47368422,False,False
-0.25,0.0,0.47368422,False,False
-0.25,72.70025446387878,0.42105263,False,False
-0.25,0.0,0.47368422,False,False
-0.25,0.0,0.47368422,False,False
-0.04,72.24582917736876,0.42105263,False,False
-0.04,72.05107105457876,0.36842105,False,False
-0.04,71.85631843178876,0.42105263,False,False
-0.79,71.66156380899876,0.42105263,False,False
-0.25,71.46680968620876,0.42105263,False,False
-0.04,71.27205306341877,0.47368422,False,False
-0.04,71.07729044062876,0.47368422,False,False
-0.04,0.0,0.42105263,False,False
-0.79,0.0,0.42105263,False,False
-0.79,0.0,0.42105263,False,False
-1.0,0.0,0.42105263,False,False
-1.0,0.0,0.42105263,False,False
-0.04,0.0,0.36842105,False,False
-0.04,78.24037041281682,0.36842105,False,False
-0.79,77.91579020816681,0.36842105,False,False
-0.25,0.0,0.36842105,False,False
-0.04,0.0,0.31578946,False,False
-0.79,0.0,0.31578946,False,False
-0.79,0.0,0.31578946,False,False
-0.79,0.0,0.31578946,False,False
-1.0,0.0,0.31578946,False,False
-1.0,0.0,0.31578946,False,False
-1.0,0.0,0.31578946,False,False
-0.25,0.0,0.36842105,False,False
-0.25,0.0,0.42105263,False,False
-0.79,0.0,0.42105263,False,False
-1.0,0.0,0.42105263,False,False
-0.79,0.0,0.42105263,False,False
-0.25,67.50653418947877,0.47368422,False,False
-0.25,0.0,0.42105263,False,False
-0.79,0.0,0.42105263,False,False
-0.25,66.85729078017876,0.47368422,False,False
-0.79,66.59759311645875,0.47368422,False,False
-1.0,66.33789495273875,0.47368422,False,False
-0.04,66.07819278901874,0.47368422,False,False
-0.25,65.88342666622874,0.42105263,False,False
-0.25,65.68867054343873,0.47368422,False,False
-1.0,65.49391042064873,0.47368422,False,False
-0.04,65.29914529785873,0.47368422,False,False
-0.04,65.03944163413873,0.42105263,False,False
-0.79,64.77974797041873,0.42105263,False,False
-0.25,64.52006380669873,0.47368422,False,False
-0.25,64.26037014297873,0.47368422,False,False
-0.25,0.0,0.42105263,False,False
-1.0,0.0,0.42105263,False,False
-1.0,0.0,0.42105263,False,False
-1.0,0.0,0.42105263,False,False
-1.0,0.0,0.42105263,False,False
-1.0,0.0,0.42105263,False,False
-0.25,62.83209674251872,0.47368422,False,False
-0.25,62.63732811972872,0.47368422,False,False
-0.25,62.44256549693873,0.47368422,False,False
-0.25,62.247794874148724,0.47368422,False,False
-0.25,62.05302425135872,0.47368422,False,False
-0.25,0.0,0.42105263,False,False
-1.0,0.0,0.42105263,False,False
-1.0,0.0,0.42105263,False,False
-1.0,0.0,0.42105263,False,False
-1.0,0.0,0.42105263,False,False
-1.0,0.0,0.42105263,False,False
-1.0,0.0,0.42105263,False,False
-1.0,0.0,0.42105263,False,False
-1.0,0.0,0.42105263,False,False
-1.0,0.0,0.42105263,False,False
-1.0,0.0,0.42105263,False,False
-1.0,0.0,0.42105263,False,False
-0.25,0.0,0.36842105,False,False
-0.04,0.0,0.31578946,False,False
-0.04,0.0,0.31578946,False,False
-0.04,0.0,0.2631579,False,False
-0.04,0.0,0.21052632,False,False
-0.25,0.0,0.2631579,False,False
-0.25,0.0,0.21052632,False,False
-0.04,0.0,0.15789473,False,False
-0.79,0.0,0.15789473,False,False
-1.0,0.0,0.15789473,False,False
-0.79,0.0,0.15789473,False,False
-0.79,0.0,0.15789473,False,False
-0.04,0.0,0.21052632,False,False
-0.04,0.0,0.21052632,False,False
-0.25,0.0,0.21052632,False,False
-0.79,0.0,0.21052632,False,False
-0.04,0.0,0.15789473,False,False
-0.25,0.0,0.15789473,False,False
-0.04,0.0,0.15789473,False,False
-0.25,0.0,0.21052632,False,False
-0.25,0.0,0.15789473,False,False
-0.25,0.0,0.21052632,False,False
-0.25,0.0,0.15789473,False,False
-0.25,0.0,0.21052632,False,False
-0.04,0.0,0.15789473,False,False
-0.79,0.0,0.15789473,False,False
-0.79,0.0,0.15789473,False,False
-0.25,0.0,0.15789473,False,False
-0.25,0.0,0.21052632,False,False
-0.79,0.0,0.21052632,False,False
-0.79,0.0,0.21052632,False,False
-1.0,0.0,0.21052632,False,False
-0.25,0.0,0.21052632,False,False
-0.25,0.0,0.15789473,False,False
-1.0,0.0,0.15789473,False,False
-0.25,0.0,0.21052632,False,False
-0.25,0.0,0.21052632,False,False
-1.0,0.0,0.21052632,False,False
-0.25,0.0,0.21052632,False,False
-0.25,0.0,0.2631579,False,False
-0.04,0.0,0.31578946,False,False
-1.0,0.0,0.31578946,False,False
-0.79,0.0,0.31578946,False,False
-1.0,0.0,0.31578946,False,False
-0.79,0.0,0.31578946,False,False
-0.25,0.0,0.2631579,False,False
-0.79,0.0,0.2631579,False,False
-0.25,0.0,0.21052632,False,False
-0.25,0.0,0.15789473,False,False
-1.0,0.0,0.15789473,False,False
-0.25,0.0,0.15789473,False,False
-0.25,0.0,0.21052632,False,False
-1.0,0.0,0.21052632,False,False
-0.25,0.0,0.21052632,False,False
-1.0,0.0,0.21052632,False,False
-0.25,0.0,0.15789473,False,False
-0.25,0.0,0.21052632,False,False
-0.04,0.0,0.21052632,False,False
-1.0,0.0,0.21052632,False,False
-1.0,0.0,0.21052632,False,False
-0.25,0.0,0.15789473,False,False
-1.0,0.0,0.15789473,False,False
-1.0,0.0,0.15789473,False,False
-0.25,0.0,0.15789473,False,False
-0.79,0.0,0.15789473,False,False
-1.0,0.0,0.15789473,False,False
-0.25,0.0,0.15789473,False,False
-0.25,0.0,0.15789473,False,False
-0.25,0.0,0.21052632,False,False
-1.0,0.0,0.21052632,False,False
-1.0,0.0,0.21052632,False,False
-0.25,0.0,0.15789473,False,False
-0.25,0.0,0.21052632,False,False
-0.04,0.0,0.21052632,False,False
-0.04,0.0,0.21052632,False,False
-0.04,0.0,0.2631579,False,False
-0.04,0.0,0.2631579,False,False
-0.04,0.0,0.31578946,False,False
-0.25,0.0,0.2631579,False,False
-0.25,0.0,0.21052632,False,False
-0.04,0.0,0.2631579,False,False
-0.25,0.0,0.21052632,False,False
-0.25,0.0,0.15789473,False,False
-0.25,0.0,0.21052632,False,False
-0.25,0.0,0.2631579,False,False
-0.25,0.0,0.2631579,False,False
-0.04,44.352547547356785,0.31578946,False,False
-0.04,44.027960342706784,0.31578946,False,False
-0.25,0.0,0.2631579,False,False
-0.25,43.44369897433679,0.31578946,False,False
-0.25,43.11910776968679,0.31578946,False,False
-0.25,0.0,0.2631579,False,False
-0.25,42.53485990131681,0.31578946,False,False
-0.04,42.21026319666681,0.36842105,False,False
-0.04,41.88568049201681,0.36842105,False,False
-0.79,41.496164746436804,0.36842105,False,False
-0.79,41.106653000856795,0.36842105,False,False
-0.25,40.717139255276784,0.36842105,False,False
-0.25,40.32763200969678,0.31578946,False,False
-0.25,39.938116764116785,0.31578946,False,False
-0.25,0.0,0.31578946,False,False
-0.04,39.22399931388681,0.36842105,False,False
-0.04,38.83449056830682,0.42105263,False,False
-0.04,38.444981322726825,0.47368422,False,False
-0.25,38.05547257714682,0.42105263,False,False
-0.79,37.66596633156682,0.42105263,False,False
-0.25,37.27646308598682,0.47368422,False,False
-0.79,36.88695834040683,0.47368422,False,False
-0.04,36.49744209482683,0.47368422,False,False
-0.04,36.10792684924684,0.42105263,False,False
-0.04,35.71840560366684,0.47368422,False,False
-0.79,35.393813399016835,0.47368422,False,False
-0.79,35.00429115343683,0.47368422,False,False
-1.0,34.67970344878683,0.47368422,False,False
-0.25,34.35511124413682,0.47368422,False,False
-0.25,34.03052003948682,0.47368422,False,False
-0.04,33.77083187576682,0.47368422,False,False
-1.0,33.44623217111681,0.47368422,False,False
-0.04,33.121638466466806,0.42105263,False,False
-0.79,32.7970417618168,0.42105263,False,False
-0.04,32.342574975306796,0.36842105,False,False
-0.04,31.953032229726798,0.42105263,False,False
-0.79,31.4985644432168,0.42105263,False,False
-0.25,31.044095156706803,0.42105263,False,False
-0.25,30.5896258701968,0.47368422,False,False
-0.04,30.265011665546798,0.42105263,False,False
-0.25,29.9404009608968,0.47368422,False,False
-0.25,29.6157922562468,0.42105263,False,False
-0.79,29.291185051596802,0.42105263,False,False
-1.0,28.9665793469468,0.42105263,False,False
-0.25,28.706902183226802,0.47368422,False,False
-0.04,28.447229519506802,0.47368422,False,False
-0.25,28.1875438557868,0.42105263,False,False
-0.25,27.927851192066797,0.47368422,False,False
-0.25,27.668160528346796,0.47368422,False,False
-0.25,27.408461864626798,0.47368422,False,False
-1.0,27.148765700906797,0.47368422,False,False
-0.04,26.889069537186796,0.47368422,False,False
-1.0,26.629376873466796,0.47368422,False,False
-0.79,26.369692709746797,0.47368422,False,False
-1.0,26.110008546026798,0.47368422,False,False
-0.25,25.8503138823068,0.42105263,False,False
-0.04,25.5906142185868,0.42105263,False,False
-0.79,25.330908554866802,0.42105263,False,False
-0.04,25.071192391146806,0.47368422,False,False
-1.0,24.811468227426808,0.47368422,False,False
-1.0,24.55174406370681,0.47368422,False,False
-0.04,36.79638232958843,0.47368422,False,False
-0.04,36.536662165868435,0.47368422,False,False
-0.79,36.34187254307844,0.47368422,False,False
-0.79,36.14708292028844,0.47368422,False,False
-0.04,35.88736275656845,0.47368422,False,False
-0.04,35.627650592848454,0.47368422,False,False
-0.79,35.36794792912845,0.47368422,False,False
-0.04,35.10824326540844,0.42105263,False,False
-0.79,34.848530601688445,0.42105263,False,False
-0.25,34.523886897038444,0.47368422,False,False
-0.25,34.19923169238844,0.47368422,False,False
-1.0,33.80965644680845,0.47368422,False,False
-0.25,33.485018742158445,0.47368422,False,False
-1.0,33.225299578438445,0.47368422,False,False
-1.0,32.900665373788456,0.47368422,False,False
-0.25,32.64095271006846,0.42105263,False,False
-1.0,32.44617858727847,0.42105263,False,False
-1.0,32.18647642355847,0.42105263,False,False
-0.25,31.926769259838466,0.47368422,False,False
-0.04,31.602127555188467,0.42105263,False,False
-0.25,31.34242739146847,0.47368422,False,False
-0.25,31.08272272774847,0.47368422,False,False
-0.04,30.82302206402847,0.47368422,False,False
-1.0,30.433455318448473,0.47368422,False,False
-0.04,30.108831613798476,0.42105263,False,False
-0.79,29.784215909148475,0.42105263,False,False
-0.25,29.394654163568475,0.42105263,False,False
-1.0,29.005096917988475,0.42105263,False,False
-0.25,28.680474713338477,0.42105263,False,False
-1.0,28.35584550868848,0.42105263,False,False
-0.25,28.03122230403848,0.42105263,False,False
-1.0,27.706598599388478,0.42105263,False,False
-0.25,0.0,0.47368422,False,False
-0.25,26.99241064915848,0.42105263,False,False
-0.79,26.602859903578477,0.42105263,False,False
-1.0,26.213307657998474,0.42105263,False,False
-0.25,0.0,0.47368422,False,False
-0.25,25.62898028962847,0.42105263,False,False
-0.25,25.304362584978467,0.47368422,False,False
-0.25,24.979735380328464,0.47368422,False,False
-0.25,24.655096175678462,0.47368422,False,False
-0.25,24.330463971028465,0.47368422,False,False
-0.25,24.00584226637847,0.47368422,False,False
-0.25,23.68122556172847,0.42105263,False,False
-0.25,23.35660735707847,0.42105263,False,False
-1.0,23.096908193358473,0.42105263,False,False
-0.25,22.837209029638473,0.47368422,False,False
-0.25,22.577500865918473,0.42105263,False,False
-1.0,22.31778970219847,0.42105263,False,False
-1.0,22.12301707940847,0.42105263,False,False
-1.0,21.92824695661847,0.42105263,False,False
-0.25,21.733467833828467,0.47368422,False,False
-1.0,21.603623751968467,0.47368422,False,False
-0.04,21.408844129178465,0.47368422,False,False
-0.25,21.278994047318463,0.47368422,False,False
-0.25,21.149150465458465,0.47368422,False,False
-0.04,11.357002231406803,0.47368422,False,False
-0.25,20.88944580173846,0.47368422,False,False
-0.04,10.577773240246804,0.42105263,False,False
-0.25,10.123227953736803,0.47368422,False,False
-0.25,9.668666667226805,0.42105263,False,False
-0.79,9.214121880716807,0.42105263,False,False
-0.79,8.824508135136806,0.42105263,False,False
-0.04,8.434889889556807,0.42105263,False,False
-0.04,8.110217184906809,0.42105263,False,False
-1.0,7.7206044393268085,0.42105263,False,False
-0.04,7.330988693746807,0.47368422,False,False
-0.25,6.941365948166806,0.47368422,False,False
-0.25,6.551738202586805,0.42105263,False,False
-0.25,6.162113957006805,0.47368422,False,False
-0.25,5.772490211426804,0.42105263,False,False
-0.04,5.3828844658468045,0.47368422,False,False
-0.79,4.993279220266804,0.47368422,False,False
-0.25,4.538737933756804,0.42105263,False,False
-1.0,4.149145688176803,0.42105263,False,False
-0.79,3.7595534425968036,0.42105263,False,False
-1.0,3.3699566970168036,0.42105263,False,False
-0.25,2.9803549514368037,0.42105263,False,False
-0.25,2.5907487058568037,0.42105263,False,False
-0.25,2.2011284602768035,0.47368422,False,False
-0.25,1.8115047146968033,0.47368422,False,False
-0.25,1.4218974691168034,0.47368422,False,False
-0.25,8.645414535856826,0.47368422,False,False
-0.25,8.385734872136826,0.42105263,False,False
-0.79,8.126061208416825,0.42105263,False,False
-0.25,7.866386544696826,0.47368422,False,False
-0.25,17.51349617337843,0.47368422,False,False
-0.25,17.38364159151843,0.47368422,False,False
-1.0,17.253791509658427,0.47368422,False,False
-0.25,17.123941427798425,0.47368422,False,False
-0.25,16.994097345938425,0.47368422,False,False
-0.25,16.864247264078422,0.47368422,False,False
-0.25,16.734394682218422,0.47368422,False,False
-1.0,16.604549100358422,0.47368422,False,False
-0.25,16.474703518498423,0.47368422,False,False
-1.0,16.344855436638422,0.47368422,False,False
-0.25,16.21500885477842,0.47368422,False,False
-0.25,16.08516627291842,0.47368422,False,False
-1.0,15.955325191058423,0.47368422,False,False
-0.25,15.760552568268423,0.42105263,False,False
-0.25,15.630712986408424,0.42105263,False,False
-0.25,15.435944363618425,0.47368422,False,False
-0.25,15.306099781758427,0.47368422,False,False
-0.25,15.176253699898426,0.47368422,False,False
-1.0,15.046405618038428,0.47368422,False,False
-1.0,14.916557536178429,0.47368422,False,False
-0.25,14.78670945431843,0.47368422,False,False
-0.25,14.591931831528429,0.47368422,False,False
-0.25,14.33222216780843,0.42105263,False,False
-1.0,14.13745654501843,0.42105263,False,False
-0.25,13.877760381298431,0.47368422,False,False
-1.0,13.682994758508432,0.47368422,False,False
-0.25,13.488230135718434,0.47368422,False,False
-1.0,13.228529971998434,0.47368422,False,False
-0.25,13.033760349208434,0.47368422,False,False
-0.25,12.838994226418432,0.47368422,False,False
-1.0,12.644225603628433,0.47368422,False,False
-0.25,12.449460980838435,0.42105263,False,False
-0.25,12.254696358048434,0.42105263,False,False
-1.0,11.994999194328434,0.42105263,False,False
-0.25,11.735300530608434,0.47368422,False,False
-0.25,11.475599366888433,0.42105263,False,False
-1.0,11.215906703168432,0.42105263,False,False
-0.25,10.956212539448432,0.47368422,False,False
-0.25,10.69651137572843,0.47368422,False,False
-1.0,10.43681271200843,0.47368422,False,False
-0.25,10.24204058921843,0.47368422,False,False
-1.0,10.04726296642843,0.47368422,False,False
-1.0,9.85248284363843,0.47368422,False,False
-0.25,0.0,0.42105263,False,False
-0.25,9.527852638988431,0.47368422,False,False
-1.0,9.333069016198431,0.47368422,False,False
-0.25,0.0,0.42105263,False,False
-0.25,0.0,0.36842105,False,False
-0.25,0.0,0.31578946,False,False
-0.25,0.0,0.36842105,False,False
-1.0,0.0,0.36842105,False,False
-0.79,0.0,0.36842105,False,False
-1.0,0.0,0.36842105,False,False
-0.25,0.0,0.36842105,False,False
-1.0,0.0,0.36842105,False,False
-1.0,0.0,0.36842105,False,False
-0.25,0.0,0.42105263,False,False
-1.0,0.0,0.42105263,False,False
-1.0,0.0,0.42105263,False,False
-1.0,0.0,0.42105263,False,False
-1.0,0.0,0.42105263,False,False
-0.25,0.0,0.36842105,False,False
-0.25,0.0,0.31578946,False,False
-1.0,0.0,0.31578946,False,False
-1.0,0.0,0.31578946,False,False
-1.0,0.0,0.31578946,False,False
-0.25,0.0,0.36842105,False,False
-1.0,0.0,0.36842105,False,False
-1.0,0.0,0.36842105,False,False
-0.25,0.0,0.36842105,False,False
-0.25,0.0,0.31578946,False,False
-0.79,0.0,0.31578946,False,False
-1.0,0.0,0.31578946,False,False
-1.0,0.0,0.31578946,False,False
-1.0,0.0,0.31578946,False,False
-1.0,0.0,0.31578946,False,False
-1.0,0.0,0.31578946,False,False
-0.25,0.0,0.31578946,False,False
-0.25,0.0,0.2631579,False,False
-0.25,0.0,0.21052632,False,False
-1.0,0.0,0.21052632,False,False
-1.0,0.0,0.21052632,False,False
-0.25,0.0,0.2631579,False,False
-0.25,0.0,0.2631579,False,False
-0.25,0.0,0.31578946,False,False
-0.25,0.0,0.31578946,False,False
-0.04,0.0,0.2631579,False,False
-0.04,0.0,0.31578946,False,False
-0.04,0.0,0.31578946,False,False
-0.25,0.0,0.2631579,False,False
-0.25,0.0,0.31578946,False,False
-0.25,0.0,0.2631579,False,False
-0.25,0.0,0.31578946,False,False
-0.04,0.0,0.2631579,False,False
-0.79,0.0,0.2631579,False,False
-0.04,0.0,0.21052632,False,False
-0.25,0.0,0.2631579,False,False
-0.25,0.0,0.21052632,False,False
-0.79,0.0,0.21052632,False,False
-0.04,0.0,0.15789473,False,False
-1.0,0.0,0.15789473,False,False
-0.04,0.0,0.15789473,False,False
-1.0,0.0,0.15789473,False,False
-1.0,0.0,0.15789473,False,False
-0.79,0.0,0.15789473,False,False
-1.0,0.0,0.15789473,False,False
-0.25,0.0,0.21052632,False,False
-0.04,0.0,0.21052632,False,False
-0.25,0.0,0.15789473,False,False
-1.0,0.0,0.15789473,False,False
-0.04,0.0,0.10526316,False,False
-0.79,0.0,0.10526316,False,False
-1.0,0.0,0.10526316,False,False
-0.04,0.0,0.05263158,False,False
-0.04,0.0,0.10526316,False,False
-0.25,0.0,0.15789473,False,False
-0.25,0.0,0.21052632,False,False
-0.25,0.0,0.21052632,False,False
-1.0,0.0,0.21052632,False,False
-0.25,0.0,0.2631579,False,False
-0.25,0.0,0.31578946,False,False
-0.25,0.0,0.2631579,False,False
-1.0,0.0,0.2631579,False,False
-0.79,0.0,0.2631579,False,False
-0.79,0.0,0.2631579,False,False
-1.0,0.0,0.2631579,False,False
-0.25,0.0,0.2631579,False,False
-0.25,0.0,0.21052632,False,False
-0.25,0.0,0.15789473,False,False
-0.25,0.0,0.21052632,False,False
-0.25,0.0,0.15789473,False,False
-0.25,0.0,0.10526316,False,False
-0.04,0.0,0.05263158,False,False
-0.79,0.0,0.05263158,False,False
-1.0,0.0,0.05263158,False,False
-0.25,0.0,0.05263158,False,False
400,0.0,0.0,True,False
-0.79,33.44517923731848,0.42105263,False,False
-0.04,33.250391114528476,0.42105263,False,False
-0.79,32.99065195080848,0.42105263,False,False
-0.04,32.73091828708848,0.47368422,False,False
-0.79,32.47117762336848,0.47368422,False,False
-0.25,32.146507918718484,0.42105263,False,False
-1.0,31.821851214068488,0.42105263,False,False
-1.0,31.497186509418487,0.42105263,False,False
-0.25,31.23747284569849,0.42105263,False,False
-0.79,30.97774068197849,0.42105263,False,False
-0.25,30.71800901825849,0.47368422,False,False
-0.79,30.52320489546849,0.47368422,False,False
-1.0,30.328397772678485,0.47368422,False,False
-0.79,30.133598649888484,0.47368422,False,False
-0.25,29.87385648616848,0.42105263,False,False
-0.25,29.67906236337848,0.42105263,False,False
-1.0,29.48426174058848,0.42105263,False,False
-0.25,29.289461617798477,0.47368422,False,False
-0.25,29.029719454078478,0.42105263,False,False
-0.04,28.769989790358476,0.47368422,False,False
-0.79,28.51026362663848,0.47368422,False,False
-0.04,28.25053246291848,0.47368422,False,False
-0.04,27.99080579919848,0.47368422,False,False
-0.79,27.796020676408478,0.47368422,False,False
-0.25,27.601235553618476,0.47368422,False,False
-0.25,27.406445930828475,0.42105263,False,False
-0.25,27.211657808038474,0.47368422,False,False
-1.0,27.016862685248473,0.47368422,False,False
-1.0,26.75712502152847,0.47368422,False,False
-1.0,26.49739435780847,0.47368422,False,False
-1.0,26.23766619408847,0.47368422,False,False
-0.25,25.97794403036847,0.42105263,False,False
-1.0,25.71823136664847,0.42105263,False,False
-1.0,25.458522202928467,0.42105263,False,False
-0.25,25.198813539208466,0.47368422,False,False
-1.0,24.939099875488463,0.47368422,False,False
-0.79,24.67938121176846,0.47368422,False,False
-0.25,24.48460258897846,0.42105263,False,False
-1.0,24.22488392525846,0.42105263,False,False
-0.04,24.030110302468458,0.42105263,False,False
-0.79,23.835338679678458,0.42105263,False,False
-0.25,23.640562056888456,0.42105263,False,False
-1.0,23.445782434098454,0.42105263,False,False
-1.0,23.18605627037845,0.42105263,False,False
-0.25,22.92632660665845,0.47368422,False,False
-1.0,22.66658644293845,0.47368422,False,False
-0.25,22.406845779218447,0.42105263,False,False
-0.25,22.212047156428447,0.42105263,False,False
-1.0,22.017246033638447,0.42105263,False,False
-0.25,21.822449410848446,0.47368422,False,False
-1.0,21.627648288058445,0.47368422,False,False
-1.0,21.432844665268444,0.47368422,False,False
-1.0,21.238040042478445,0.47368422,False,False
-0.25,20.978291378758446,0.47368422,False,False
-0.25,20.71855821503845,0.47368422,False,False
-0.25,20.45881755131845,0.47368422,False,False
-1.0,20.199074887598453,0.47368422,False,False
-1.0,19.939328723878457,0.47368422,False,False
-1.0,19.74452210108846,0.47368422,False,False
-0.25,19.549715478298463,0.47368422,False,False
-0.25,19.354906355508465,0.42105263,False,False
-0.25,19.095160191788466,0.42105263,False,False
-1.0,18.900355568998467,0.42105263,False,False
-1.0,18.705561446208467,0.42105263,False,False
-1.0,18.445831782488465,0.42105263,False,False
-1.0,18.121148577838465,0.42105263,False,False
-1.0,17.861412414118465,0.42105263,False,False
-1.0,17.601669250398466,0.42105263,False,False
-1.0,17.341930586678465,0.42105263,False,False
-1.0,17.082191922958465,0.42105263,False,False
-1.0,16.887392800168463,0.42105263,False,False
-1.0,16.62765213644846,0.42105263,False,False
-1.0,16.43285551365846,0.42105263,False,False
-1.0,16.23805889086846,0.42105263,False,False
-1.0,16.04325426807846,0.42105263,False,False
-1.0,15.78351210435846,0.42105263,False,False
-0.25,15.45883439970846,0.47368422,False,False
-1.0,15.13414219505846,0.47368422,False,False
-1.0,14.87439853133846,0.47368422,False,False
-1.0,14.54971232668846,0.47368422,False,False
-1.0,14.225023122038461,0.47368422,False,False
-1.0,13.90033441738846,0.47368422,False,False
-0.25,13.51072067180846,0.42105263,False,False
-0.25,13.18604696715846,0.47368422,False,False
-0.25,12.861380762508459,0.47368422,False,False
-0.25,12.471788516928461,0.47368422,False,False
-0.04,12.08219727134846,0.42105263,False,False
-0.04,11.692620525768461,0.36842105,False,False
-0.04,11.303048780188462,0.42105263,False,False
-0.04,10.913476534608462,0.47368422,False,False
-0.25,10.58883032995846,0.42105263,False,False
-0.79,10.264192625308459,0.42105263,False,False
-0.25,9.93954192065846,0.42105263,False,False
-1.0,9.67982025693846,0.42105263,False,False
-0.25,9.420100093218458,0.47368422,False,False
-1.0,9.16036842949846,0.47368422,False,False
-0.25,8.900645265778461,0.42105263,False,False
-0.25,8.64093560205846,0.47368422,False,False
-0.25,8.381217938338462,0.42105263,False,False
-0.25,8.121511274618463,0.42105263,False,False
-1.0,7.861801110898463,0.42105263,False,False
-1.0,7.602082947178462,0.42105263,False,False
-1.0,7.3423647834584616,0.42105263,False,False
-0.25,7.017714578808461,0.42105263,False,False
-1.0,6.693065874158461,0.42105263,False,False
-1.0,6.36841516950846,0.42105263,False,False
-1.0,6.04376396485846,0.42105263,False,False
-0.25,5.71911576020846,0.42105263,False,False
-0.25,5.394465555558459,0.47368422,False,False
-0.25,5.069803850908459,0.42105263,False,False
-0.25,4.6802221053284585,0.47368422,False,False
-0.04,4.355575400678458,0.42105263,False,False
-0.79,4.030927696028457,0.42105263,False,False
-0.25,3.6413484504484575,0.42105263,False,False
-1.0,3.186829163938458,0.42105263,False,False
-1.0,2.732308877428458,0.42105263,False,False
-1.0,2.212873549988458,0.42105263,False,False
-0.25,1.8232908044084577,0.47368422,False,False
-0.25,1.4986275997584575,0.42105263,False,False
-0.25,1.1739688951084573,0.47368422,False,False
-0.25,0.7843756495284571,0.47368422,False,False
-0.25,0.45973144487845696,0.47368422,False,False
-1.0,0.07014769929845681,0.47368422,False,False
-0.25,0.0,0.47368422,False,False
-0.25,0.0,0.47368422,False,False
-0.04,0.0,0.47368422,False,False
-0.25,0.0,0.47368422,False,False
-0.25,0.0,0.42105263,False,False
-1.0,0.0,0.42105263,False,False
-1.0,0.0,0.42105263,False,False
-0.25,0.0,0.42105263,False,False
-1.0,0.0,0.42105263,False,False
-1.0,0.0,0.42105263,False,False
-0.25,0.0,0.47368422,False,False
-0.79,0.0,0.47368422,False,False
-1.0,0.0,0.47368422,False,False
-0.25,0.0,0.47368422,False,False
-1.0,0.0,0.47368422,False,False
-0.04,0.0,0.42105263,False,False
-1.0,0.0,0.42105263,False,False
-0.04,0.0,0.42105263,False,False
-0.79,0.0,0.42105263,False,False
-0.79,0.0,0.42105263,False,False
-0.25,0.0,0.47368422,False,False
-1.0,0.0,0.47368422,False,False
-0.25,0.0,0.42105263,False,False
-1.0,0.0,0.42105263,False,False
-1.0,0.0,0.42105263,False,False
-0.04,0.0,0.42105263,False,False
-1.0,0.0,0.42105263,False,False
-1.0,0.0,0.42105263,False,False
-1.0,0.0,0.42105263,False,False
-0.79,0.0,0.42105263,False,False
-1.0,0.0,0.42105263,False,False
-1.0,0.0,0.42105263,False,False
-1.0,0.0,0.42105263,False,False
-1.0,0.0,0.42105263,False,False
-1.0,0.0,0.42105263,False,False
-1.0,0.0,0.42105263,False,False
-0.25,0.0,0.42105263,False,False
-1.0,0.0,0.42105263,False,False
-1.0,0.0,0.42105263,False,False
-1.0,0.0,0.42105263,False,False
-0.79,0.0,0.42105263,False,False
-0.25,0.0,0.42105263,False,False
-1.0,0.0,0.42105263,False,False
-0.25,0.0,0.42105263,False,False
-0.25,0.0,0.42105263,False,False
-1.0,0.0,0.42105263,False,False
-0.79,0.0,0.42105263,False,False
-1.0,0.0,0.42105263,False,False
-1.0,0.0,0.42105263,False,False
-1.0,0.0,0.42105263,False,False
-1.0,0.0,0.42105263,False,False
-1.0,0.0,0.42105263,False,False
-0.25,0.0,0.42105263,False,False
-1.0,0.0,0.42105263,False,False
-1.0,0.0,0.42105263,False,False
-1.0,0.0,0.42105263,False,False
-0.25,0.0,0.42105263,False,False
-0.25,0.0,0.42105263,False,False
-0.25,0.0,0.42105263,False,False
-1.0,0.0,0.42105263,False,False
-0.25,0.0,0.42105263,False,False
-1.0,0.0,0.42105263,False,False
-1.0,0.0,0.42105263,False,False
-1.0,0.0,0.42105263,False,False
-1.0,0.0,0.42105263,False,False
-0.25,0.0,0.42105263,False,False
-1.0,0.0,0.42105263,False,False
-1.0,0.0,0.42105263,False,False
-1.0,0.0,0.42105263,False,False
-0.25,0.0,0.42105263,False,False
-0.25,0.0,0.42105263,False,False
-1.0,0.0,0.42105263,False,False
-1.0,0.0,0.42105263,False,False
-1.0,0.0,0.42105263,False,False
-1.0,0.0,0.42105263,False,False
-0.25,0.0,0.47368422,False,False
-0.04,0.0,0.42105263,False,False
-1.0,0.0,0.42105263,False,False
-0.04,0.0,0.42105263,False,False
-0.04,0.0,0.36842105,False,False
-0.79,0.0,0.36842105,False,False
-0.25,0.0,0.42105263,False,False
-0.25,0.0,0.42105263,False,False
-0.25,0.0,0.47368422,False,False
-0.25,0.0,0.47368422,False,False
-1.0,0.0,0.47368422,False,False
-1.0,0.0,0.47368422,False,False
-0.25,0.0,0.47368422,False,False
-1.0,0.0,0.47368422,False,False
-0.25,0.0,0.47368422,False,False
-0.25,0.0,0.42105263,False,False
-0.25,0.0,0.42105263,False,False
-1.0,0.0,0.42105263,False,False
-0.25,0.0,0.36842105,False,False
-0.04,0.0,0.31578946,False,False
-0.04,0.0,0.31578946,False,False
-0.79,0.0,0.31578946,False,False
-0.04,0.0,0.36842105,False,False
-0.04,0.0,0.42105263,False,False
-0.25,0.0,0.36842105,False,False
-0.79,0.0,0.36842105,False,False
-0.04,0.0,0.42105263,False,False
-0.25,0.0,0.42105263,False,False
-0.25,0.0,0.42105263,False,False
-0.04,0.0,0.42105263,False,False
-0.25,0.0,0.42105263,False,False
-0.79,0.0,0.42105263,False,False
-1.0,0.0,0.42105263,False,False
-0.79,0.0,0.42105263,False,False
-0.25,0.0,0.42105263,False,False
-1.0,0.0,0.42105263,False,False
-1.0,0.0,0.42105263,False,False
-1.0,0.0,0.42105263,False,False
-0.25,0.0,0.42105263,False,False
-0.04,0.0,0.42105263,False,False
-0.04,0.0,0.47368422,False,False
-0.25,0.0,0.42105263,False,False
-0.04,0.0,0.42105263,False,False
-0.79,0.0,0.42105263,False,False
-0.79,0.0,0.42105263,False,False
-0.25,0.0,0.42105263,False,False
-0.79,0.0,0.42105263,False,False
-1.0,0.0,0.42105263,False,False
-1.0,0.0,0.42105263,False,False
-0.25,0.0,0.42105263,False,False
-0.25,0.0,0.42105263,False,False
-1.0,0.0,0.42105263,False,False
-0.25,0.0,0.42105263,False,False
-0.25,0.0,0.42105263,False,False
-0.04,0.0,0.47368422,False,False
-0.25,0.0,0.42105263,False,False
-0.25,0.0,0.42105263,False,False
-0.25,0.0,0.42105263,False,False
-1.0,0.0,0.42105263,False,False
-1.0,0.0,0.42105263,False,False
-0.25,0.0,0.42105263,False,False
-1.0,0.0,0.42105263,False,False
-1.0,0.0,0.42105263,False,False
-1.0,0.0,0.42105263,False,False
-1.0,0.0,0.42105263,False,False
-0.04,0.0,0.42105263,False,False
-0.04,0.0,0.36842105,False,False
-0.25,0.0,0.31578946,False,False
-1.0,0.0,0.31578946,False,False
-0.25,0.0,0.31578946,False,False
-0.04,0.0,0.31578946,False,False
-0.79,0.0,0.31578946,False,False
-0.25,0.0,0.36842105,False,False
-0.25,0.0,0.42105263,False,False
-0.25,0.0,0.36842105,False,False
-0.25,0.0,0.42105263,False,False
-0.25,0.0,0.42105263,False,False
-0.25,0.0,0.42105263,False,False
-1.0,0.0,0.42105263,False,False
-1.0,0.0,0.42105263,False,False
-0.25,0.0,0.42105263,False,False
-0.25,0.0,0.42105263,False,False
-0.25,0.0,0.42105263,False,False
-1.0,0.0,0.42105263,False,False
-1.0,0.0,0.42105263,False,False
-0.25,0.0,0.42105263,False,False
-0.25,0.0,0.42105263,False,False
-1.0,0.0,0.42105263,False,False
-0.25,0.0,0.42105263,False,False
-1.0,0.0,0.42105263,False,False
-1.0,0.0,0.42105263,False,False
-0.25,0.0,0.47368422,False,False
-0.25,0.0,0.42105263,False,False
-1.0,0.0,0.42105263,False,False
-1.0,0.0,0.42105263,False,False
-1.0,0.0,0.42105263,False,False
-0.25,0.0,0.47368422,False,False
-0.25,0.0,0.47368422,False,False
-0.25,0.0,0.42105263,False,False
-1.0,0.0,0.42105263,False,False
-0.25,0.0,0.42105263,False,False
-1.0,0.0,0.42105263,False,False
-1.0,0.0,0.42105263,False,False
-1.0,0.0,0.42105263,False,False
-0.25,0.0,0.42105263,False,False
-0.25,0.0,0.47368422,False,False
-0.25,0.0,0.42105263,False,False
-0.25,0.0,0.47368422,False,False
-0.25,0.0,0.42105263,False,False
-0.04,0.0,0.42105263,False,False
-0.25,0.0,0.42105263,False,False
-0.25,0.0,0.47368422,False,False
-0.25,0.0,0.42105263,False,False
-0.25,0.0,0.47368422,False,False
-0.25,0.0,0.42105263,False,False
-0.25,0.0,0.47368422,False,False
-0.25,0.0,0.47368422,False,False
-0.25,0.0,0.47368422,False,False
-0.25,0.0,0.47368422,False,False
-0.25,0.0,0.42105263,False,False
-0.25,0.0,0.42105263,False,False
-0.25,0.0,0.47368422,False,False
-1.0,0.0,0.47368422,False,False
-0.25,0.0,0.42105263,False,False
-1.0,0.0,0.42105263,False,False
-1.0,0.0,0.42105263,False,False
-0.25,0.0,0.42105263,False,False
-0.25,0.0,0.36842105,False,False
-0.04,0.0,0.31578946,False,False
-1.0,0.0,0.31578946,False,False
-0.04,0.0,0.2631579,False,False
-0.04,0.0,0.31578946,False,False
-1.0,0.0,0.31578946,False,False
-0.04,0.0,0.2631579,False,False
-0.25,0.0,0.31578946,False,False
-0.04,0.0,0.31578946,False,False
-0.79,0.0,0.31578946,False,False
-0.04,0.0,0.31578946,False,False
-0.79,0.0,0.31578946,False,False
-0.04,0.0,0.36842105,False,False
-0.04,0.0,0.42105263,False,False
-0.04,0.0,0.36842105,False,False
-0.25,0.0,0.31578946,False,False
-0.04,0.0,0.36842105,False,False
-0.25,0.0,0.36842105,False,False
-0.25,0.0,0.31578946,False,False
-1.0,0.0,0.31578946,False,False
-0.25,0.0,0.36842105,False,False
-0.04,0.0,0.31578946,False,False
-0.04,0.0,0.2631579,False,False
-0.04,0.0,0.2631579,False,False
-0.25,0.0,0.31578946,False,False
-0.04,0.0,0.36842105,False,False
-0.04,0.0,0.36842105,False,False
-0.04,0.0,0.42105263,False,False
-0.04,0.0,0.47368422,False,False
-0.04,0.0,0.47368422,False,False
-0.04,0.0,0.47368422,False,False
-0.04,0.0,0.47368422,False,False
-0.25,0.0,0.47368422,False,False
-0.79,0.0,0.47368422,False,False
-0.25,0.0,0.47368422,False,False
-0.25,0.0,0.47368422,False,False
-0.04,0.0,0.42105263,False,False
-0.25,0.0,0.36842105,False,False
-0.04,0.0,0.31578946,False,False
-0.79,0.0,0.31578946,False,False
-0.25,0.0,0.36842105,False,False
-0.25,0.0,0.42105263,False,False
-0.25,0.0,0.47368422,False,False
-0.25,0.0,0.42105263,False,False
-0.79,0.0,0.42105263,False,False
-0.25,0.0,0.36842105,False,False
-1.0,0.0,0.36842105,False,False
-0.25,0.0,0.36842105,False,False
-0.25,0.0,0.42105263,False,False
-0.25,0.0,0.36842105,False,False
-0.79,0.0,0.36842105,False,False
-1.0,0.0,0.36842105,False,False
-0.25,0.0,0.31578946,False,False
-0.25,0.0,0.2631579,False,False
-0.04,0.0,0.21052632,False,False
-0.04,0.0,0.15789473,False,False
-0.04,0.0,0.21052632,False,False
-0.04,0.0,0.15789473,False,False
-0.25,0.0,0.15789473,False,False
-0.25,0.0,0.21052632,False,False
-0.25,0.0,0.15789473,False,False
-0.04,0.0,0.10526316,False,False
-0.04,0.0,0.15789473,False,False
-0.04,0.0,0.10526316,False,False
-0.25,0.0,0.15789473,False,False
-0.04,0.0,0.21052632,False,False
-0.79,0.0,0.21052632,False,False
-0.79,0.0,0.21052632,False,False
-0.79,0.0,0.21052632,False,False
-0.79,0.0,0.21052632,False,False
-0.25,0.0,0.15789473,False,False
-1.0,0.0,0.15789473,False,False
-0.25,0.0,0.10526316,False,False
-0.25,0.0,0.15789473,False,False
-0.79,0.0,0.15789473,False,False
-1.0,0.0,0.15789473,False,False
-0.25,0.0,0.10526316,False,False
-0.25,0.0,0.15789473,False,False
-0.25,0.0,0.10526316,False,False
-1.0,0.0,0.10526316,False,False
-0.04,0.0,0.05263158,False,False
-0.79,0.0,0.05263158,False,False
-0.25,0.0,0.10526316,False,False
-0.25,0.0,0.10526316,False,False
-0.04,0.0,0.10526316,False,False
-0.25,0.0,0.15789473,False,False
-0.79,0.0,0.15789473,False,False
-0.25,0.0,0.15789473,False,False
-0.25,0.0,0.15789473,False,False
-0.25,0.0,0.21052632,False,False
-0.79,0.0,0.21052632,False,False
-0.25,0.0,0.2631579,False,False
-0.25,0.0,0.21052632,False,False
-0.25,0.0,0.21052632,False,False
-0.79,0.0,0.21052632,False,False
-1.0,0.0,0.21052632,False,False
-0.25,0.0,0.15789473,False,False
-0.25,0.0,0.21052632,False,False
-1.0,0.0,0.21052632,False,False
-0.25,0.0,0.15789473,False,False
-0.25,0.0,0.21052632,False,False
-0.79,0.0,0.21052632,False,False
-0.79,0.0,0.21052632,False,False
-0.25,0.0,0.2631579,False,False
-0.25,0.0,0.31578946,False,False
-1.0,0.0,0.31578946,False,False
-0.25,0.0,0.36842105,False,False
-0.25,0.0,0.31578946,False,False
-0.25,0.0,0.36842105,False,False
-0.25,0.0,0.36842105,False,False
-0.25,0.0,0.31578946,False,False
-1.0,0.0,0.31578946,False,False
-1.0,0.0,0.31578946,False,False
-0.25,0.0,0.31578946,False,False
-0.25,0.0,0.2631579,False,False
-0.25,0.0,0.31578946,False,False
-0.25,0.0,0.36842105,False,False
-1.0,0.0,0.36842105,False,False
-1.0,0.0,0.36842105,False,False
-0.25,0.0,0.31578946,False,False
-1.0,0.0,0.31578946,False,False
-0.25,0.0,0.2631579,False,False
-1.0,0.0,0.2631579,False,False
-1.0,0.0,0.2631579,False,False
-1.0,0.0,0.2631579,False,False
-1.0,0.0,0.2631579,False,False
-0.25,0.0,0.31578946,False,False
-0.25,0.0,0.31578946,False,False
-0.25,0.0,0.2631579,False,False
-0.25,0.0,0.31578946,False,False
-1.0,0.0,0.31578946,False,False
-0.25,0.0,0.36842105,False,False
-0.25,0.0,0.42105263,False,False
-0.25,0.0,0.36842105,False,False
-0.25,0.0,0.31578946,False,False
-0.25,0.0,0.2631579,False,False
-1.0,0.0,0.2631579,False,False
-0.25,0.0,0.2631579,False,False
-1.0,0.0,0.2631579,False,False
-0.25,0.0,0.2631579,False,False
-1.0,0.0,0.2631579,False,False
-1.0,0.0,0.2631579,False,False
-1.0,0.0,0.2631579,False,False
-1.0,0.0,0.2631579,False,False
-0.25,0.0,0.31578946,False,False
-1.0,0.0,0.31578946,False,False
