"(1, 14)","(5, 4)","(11, 17)","(16, 4)"
60.60157774522924,6.9174258978000855,3.6661195856667383,55.788383162007364
50.321198522799605,18.06448035371761,45.03838758197372,70.76295246788838
50.1263689000096,17.80478968999761,44.84363395918373,70.56817934509837
49.931540277219604,17.610023067207607,44.64887633639373,70.30846918137836
49.736714154429606,17.415260944417607,44.454113713603725,70.04876201765835
49.54189303163961,17.220497821627607,44.25935159081373,69.78905585393834
49.34707490884961,17.025732198837606,44.064585968023735,69.52934769021833
49.15224828605962,16.830968576047606,43.86982434523373,69.26963752649833
48.95742166326961,16.636199953257602,43.67505822244373,69.00991886277833
48.76258904047962,16.4414258304676,43.480291099653726,68.75019769905835
48.567764917689615,16.246662207677602,43.285516976863725,68.49046903533835
29.724569370399003,2.252502738276337,98.10155484249782,83.78573404621072
29.724569370399003,1.9928220745563372,97.84189567877782,83.46105884156073
29.724569370399003,1.5383437880463369,97.58222751505782,83.33119525970073
29.724569370399003,1.1487970424663365,97.32257285133782,83.13639213691074
29.724569370399003,0.8241783378163363,97.06290868761782,82.87664797319074
29.724569370399003,0.5644946740963362,96.73831598296782,82.61691280947075
29.724569370399003,0.2398699694463361,96.47866231924782,82.35717864575075
29.659623329469003,0.0,96.21900615552782,82.09744898203076
29.594677288539003,0.0,95.95934599180782,81.77278477738076
29.529732747609003,0.0,95.69968182808782,81.44811007273077
29.464786706679003,0.0,95.44001616436782,81.18836990901077
29.399842165749003,0.0,95.18034950064782,80.99356778622078
29.334897624819003,0.0,94.92066833692782,80.79876266343078
29.334897624819003,0.0,94.66099617320782,80.53901999971079
29.334897624819003,0.0,94.40132800948781,80.2792728359908
29.334897624819003,0.0,94.1416598457678,79.9545771313408
29.205009042959002,0.0,93.8819871820478,79.7597660085508
29.075117461099,0.0,93.62230251832779,79.5649593857608
29.010173420169,0.0,93.29770081367778,79.43509430390081
28.815340797378997,0.0,93.03802564995777,79.24028968111082
28.685450715518996,0.0,92.71341744530777,79.11041659925083
28.555559133658996,0.0,92.45373978158776,78.98054351739083
28.490615092728994,0.0,92.12915107693775,78.85067493553083
28.360726510868993,0.0,91.86947391321775,78.72080185367084
28.23083792900899,0.0,91.60979024949775,78.59092427181083
28.16589388807899,0.0,91.35011358577775,78.46104668995083
28.03600380621899,0.0,91.09044892205775,78.33117110809083
27.97105626528899,0.0,90.83078775833775,78.20129202623083
27.84116168342899,0.0,90.57112159461775,78.07142094437083
27.77622014249899,0.0,90.31144693089774,77.94154986251083
27.71127860156899,0.0,90.05177476717775,77.74673723972083
27.581387019708988,0.0,89.79210610345774,77.61686415786083
27.516442978778986,0.0,89.53244943973773,77.48699107600083
27.386549896918986,0.0,89.27278577601773,77.35711799414084
27.256657315058984,0.0,89.01311711229772,77.22724491228084
27.126768733198983,0.0,88.75345794857772,77.09737533042085
27.061827192268982,0.0,88.49379178485772,77.03244628949085
26.93193561040898,0.0,88.23413562113771,76.96751024856086
26.80204952854898,0.0,87.9744794574177,76.90257670763086
26.67216094668898,0.0,87.7148202936977,76.83764316670086
26.54227086482898,0.0,87.45516262997769,76.77270712577086
26.34742874203898,0.0,87.19550496625769,76.64283904391087
26.152590119248977,0.0,86.93584530253769,76.51297546205087
26.022695537388977,0.0,86.61126359788769,76.38312238019088
25.892806955528975,0.0,86.35160693416768,76.25326679833088
25.827862414598975,0.0,86.02701722951768,76.12340821647088
25.633027791808974,0.0,85.7673580657977,75.99354113461088
25.438199169018976,0.0,85.50769190207771,75.86367405275088
25.308319087158974,0.0,85.2480277383577,75.73381147089088
25.178442005298976,0.0,84.98836657463771,75.60394338903089
25.113509464368978,0.0,84.72870041091771,75.47408680717089
25.048575923438978,0.0,84.4690312471977,75.34423372531089
24.91869884157898,0.0,84.2093630834777,75.21437864345089
24.78882175971898,0.0,83.94969691975768,75.08452556159088
24.723889718788982,0.0,83.69003475603768,74.95467247973087
24.594013136928982,0.0,83.43037109231767,74.82481989787087
24.529080595998984,0.0,83.17069692859766,74.69496231601086
24.464146555068982,0.0,82.91102276487766,74.56510773415086
24.399213014138983,0.0,82.65134660115766,74.43525915229085
24.33427897320898,0.0,82.39167993743764,74.30541207043085
24.26934493227898,0.0,82.13201027371764,74.17555998857085
24.20441239134898,0.0,81.87234560999764,74.04570940671086
24.139478850418982,0.0,81.61266644627764,73.91586532485086
24.074545309488983,0.0,81.35297778255764,73.78602124299086
24.009608768558984,0.0,81.09328761883764,73.65617416113085
23.944672227628985,0.0,80.83361095511763,73.52633307927084
23.879738186698983,0.0,80.57394279139764,73.39649149741084
23.81480414576898,0.0,80.31427612767764,73.26664641555084
23.74987010483898,0.0,80.05460196395764,73.13680333369084
23.684936063908978,0.0,79.79492630023765,73.00696175183083
23.61999802297898,0.0,79.53525263651765,72.87711716997083
23.555053982048978,0.0,79.27557897279766,72.74727308811083
23.490109941118977,0.0,79.01590680907768,72.61742750625083
23.425162400188977,0.0,78.75623314535768,72.48758442439083
23.425162400188977,0.0,78.43163294070769,72.35774284253083
23.360214859258978,0.0,78.17195077698769,72.22790276067082
23.295270818328977,0.0,77.91226611326769,72.09806167881081
23.230326777398975,0.0,77.6525809495477,71.9682185969508
23.165382736468974,0.0,77.3928957858277,71.8383760150908
23.100441195538973,0.0,77.13321162210771,71.70853043323079
23.035497154608972,0.0,76.87352695838771,71.57868485137078
22.905602572748972,0.0,76.61382829466771,71.44883926951077
22.77570799088897,0.0,76.3541431309477,71.31899218765078
22.64581940902897,0.0,76.0944569672277,71.12421256486078
22.51593082716897,0.0,75.8347693035077,70.9294364420708
22.38604024530897,0.0,75.6400121807177,70.6697207783508
22.256156163448967,0.0,75.4452450579277,70.4099981146308
22.126276081588966,0.0,75.2504709351377,70.15028295091079
21.996395999728964,0.0,75.0556918123477,69.89056378719079
21.866511417868963,0.0,74.8609056895577,69.69578366440078
21.736625336008963,0.0,74.6661220667677,69.43607100068077
21.671685295078962,0.0,74.40642940304771,69.17636133696075
21.60674125414896,0.0,74.1467427393277,68.91666167324074
21.54179721321896,0.0,73.8870620756077,68.65695900952073
21.47685717228896,0.0,73.6273789118877,68.39724534580074
21.41191763135896,0.0,73.3676942481677,68.13753118208075
21.34697759042896,0.0,73.1080120844477,67.87781251836076
21.28203804949896,0.0,72.84833592072769,67.61809185464074
21.217098508568963,0.0,72.58864775700769,67.35837119092072
21.152158467638962,0.0,72.32895409328768,67.09865302720071
21.08721842670896,0.0,72.06926192956767,66.8389363634807
21.022278885778963,0.0,71.80957576584768,66.57921519976068
20.957339344848965,0.0,71.5498801021277,66.38442757697067
20.892399803918966,0.0,71.2901829384077,66.18963745418066
20.827455762988965,0.0,71.0304902746877,65.99484983139064
20.762511722058964,0.0,70.77079711096769,65.80006120860062
20.697567181128964,0.0,70.5111134472477,65.60527208581061
20.632622640198964,0.0,70.2514392835277,65.4104834630206
20.567678099268964,0.0,69.9917666198077,65.21569334023059
20.502732058338964,0.0,69.73207995608772,65.02090671744058
20.372839976478964,0.0,69.53732383329772,64.82611959465058
20.242949394618964,0.0,69.34256071050771,64.63133897186057
20.113060312758964,0.0,69.14779508771771,64.43656634907056
20.048118771828964,0.0,68.88811142399771,64.24179822628055
19.983178730898963,0.0,68.62841976027772,64.04702510349054
19.918238689968963,0.0,68.36873159655771,63.852255480700535
19.853297149038962,0.0,68.1090344328377,63.65748785791053
19.72340706717896,0.0,67.8493342691177,63.462718235120526
19.65846252624896,0.0,67.5896311053977,63.26794811233052
19.59351798531896,0.0,67.32992994167769,63.07317898954052
19.52857394438896,0.0,67.0702122779577,62.87840636675052
19.46362990345896,0.0,66.81049361423769,62.683636243960514
19.398685862528957,0.0,66.61570549144768,62.423916580240515
19.333741821598956,0.0,66.42091086865769,62.16419691652052
19.268797780668955,0.0,66.22612274586768,61.904476252800514
19.203858239738956,0.0,65.96641208214767,61.64477108908051
19.138913698808956,0.0,65.70670341842767,61.3850674253605
19.073969157878956,0.0,65.44699625470766,61.1253547616405
19.009024616948956,0.0,65.18730059098766,60.8656455979205
18.944080076018956,0.0,64.92759892726767,60.6059429342005
18.879135535088956,0.0,64.66790576354768,60.346235770480504
18.814195494158955,0.0,64.40822209982768,60.086535606760506
18.749255453228955,0.0,64.14853843610769,59.826833443040506
18.684315412298954,0.0,63.8888597723877,59.567131779320505
18.619370871368954,0.0,63.629170108667694,59.307432115600506
18.554430830438953,0.0,63.36947444494769,59.04773795188051
18.489490789508952,0.0,63.174714822157696,58.78803578816051
18.424551248578954,0.0,62.9150206584377,58.52833162444051
18.359606707648954,0.0,62.7851895765777,58.20368041979051
18.294662666718953,0.0,62.655354494717706,57.87902121514051
18.229722625788952,0.0,62.52551741285771,57.489422469560516
18.16478258485895,0.0,62.39568833099771,57.16476626491052
18.09984254392895,0.0,62.265858749137706,56.84011056026052
18.03490250299895,0.0,62.13602566727771,56.450511314680526
17.96995796206895,0.0,62.006193085417706,56.06090956910053
17.90501342113895,0.0,61.876360503557706,55.671318323520524
17.84006888020895,0.0,61.7465319216977,55.28172007794053
17.77512433927895,0.0,61.6167033398377,54.89211983236052
17.71018429834895,0.0,61.4868767579777,54.56745062771052
17.64524425741895,0.0,61.3570426761177,54.24278742306052
17.580304216488948,0.0,61.2272035942577,53.85318617748052
17.515364175558947,0.0,61.1622950533277,53.39864639097051
17.45042463462895,0.0,60.967525430537705,53.07398818632051
17.38548509369895,0.0,60.77276080774771,52.74933348167051
17.25559451183895,0.0,60.57799918495771,52.42467827702051
17.19064997090895,0.0,60.38324256216771,52.100017572370504
17.06076438904895,0.0,60.18848743937771,51.8402859086505
16.99581984811895,0.0,59.99373081658771,51.5156217040005
16.930878307188948,0.0,59.798974193797704,51.320829081210505
16.800988225328947,0.0,59.604219071007705,50.99616387656051
16.606148602538948,0.0,59.4094624482177,50.671503171910516
16.541204561608946,0.0,59.2147058254277,50.34684346726052
16.476266520678948,0.0,59.0199512026377,50.08711730354052
16.41132847974895,0.0,58.8251940798477,49.82738513982053
16.28144439788895,0.0,58.6304369570577,49.50271693517053
16.151561816028952,0.0,58.4356833342677,49.24297877145054
16.02167573416895,0.0,58.2409282114777,48.91830006680054
15.89179115230895,0.0,58.0461735886877,48.593625862150546
15.76190657044895,0.0,57.8514169658977,48.398822239360555
15.63201748858895,0.0,57.6566623431077,48.13908757564056
15.56707294765895,0.0,57.4619087203177,47.81441387099056
15.43718536579895,0.0,57.2671545975277,47.554692207270556
15.43718536579895,0.0,57.0074769338077,47.294967543550555
15.37224082486895,0.0,56.7478032700877,47.035242879830555
15.30729628393895,0.0,56.488130606367704,46.77551721611056
15.24235174300895,0.0,56.29338598357771,46.38591697053056
15.17740720207895,0.0,56.098639860787706,46.06125076588056
15.17740720207895,0.0,55.9038922379977,45.67165852030056
15.17740720207895,0.0,55.6442125742777,45.34700281565056
15.17740720207895,0.0,55.4494669514877,44.95739207007057
15.17740720207895,0.0,55.2547208286977,44.56779682449057
15.11246316114895,0.0,55.1248942468377,44.24313161984057
15.04752512021895,0.0,54.9301346240477,43.983414956120576
14.91764653835895,0.0,54.7353690012577,43.723701292400584
14.78776245649895,0.0,54.5406018784677,43.463986128680595
14.72282091556895,0.0,54.3458347556777,43.2042679649606
14.72282091556895,0.0,54.0861480919577,42.9445463012406
14.72282091556895,0.0,53.826470428237705,42.6848181375206
14.657876374638949,0.0,53.56680326451771,42.4251009738006
14.657876374638949,0.0,53.37206414172771,42.1653828100806
14.59293033370895,0.0,53.177324518937716,41.84072760543061
14.52798429277895,0.0,52.98258539614772,41.45112885985061
14.52798429277895,0.0,52.722917732427725,41.12647665520061
14.52798429277895,0.0,52.463248068707735,40.801820450550615
14.52798429277895,0.0,52.138651364057736,40.542109786830615
14.52798429277895,0.0,51.87899020033773,40.21745008218062
14.52798429277895,0.0,51.619332036617735,39.892792877530624
14.52798429277895,0.0,51.35966987289774,39.568139672880626
14.52798429277895,0.0,51.100007709177746,39.24349046823063
14.52798429277895,0.0,50.84035154545775,38.918842763580635
14.52798429277895,0.0,50.58069188173775,38.59419855893063
14.52798429277895,0.0,50.321030718017745,38.269552854280626
14.52798429277895,0.0,50.06136705429775,38.00983069056063
14.52798429277895,0.0,49.801699390577745,37.75010902684063
14.52798429277895,0.0,49.542022226857746,37.555316404050636
14.52798429277895,0.0,49.28234106313774,37.360522281260636
14.52798429277895,0.0,49.02266189941774,37.165728158470635
14.52798429277895,0.0,48.827903276627744,36.90599549475064
14.52798429277895,0.0,48.568220612907744,36.711205371960645
14.52798429277895,0.0,48.30853894918774,36.45147720824065
14.52798429277895,0.0,48.048860785467745,36.19174754452065
14.52798429277895,0.0,47.789175621747745,35.932021380800656
14.52798429277895,0.0,47.529486958027746,35.672297217080654
14.52798429277895,0.0,47.269809794307754,35.412564053360654
14.52798429277895,0.0,46.945196589657755,35.217772430570655
14.52798429277895,0.0,46.75044296686776,34.958030766850655
14.52798429277895,0.0,46.555685844077765,34.63335706220065
14.52798429277895,0.0,46.36093222128777,34.30869385755065
14.52798429277895,0.0,46.16618159849777,33.98403315290065
14.52798429277895,0.0,45.90650843477777,33.65938894825065
14.46303825184895,0.0,45.646833271057766,33.33473374360066
14.39809221091895,0.0,45.32223356640776,33.07501957988067
14.39809221091895,0.0,44.997633861757755,32.88023145709067
14.39809221091895,0.0,44.67303415710775,32.62051579337068
14.39809221091895,0.0,44.41336899338775,32.36079162965068
14.39809221091895,0.0,44.08877228873775,32.16601400686068
14.33314616998895,0.0,43.764176584087764,31.97123138407068
14.33314616998895,0.0,43.439571879437764,31.77645026128068
14.33314616998895,0.0,43.114979674787776,31.51673259756068
14.33314616998895,0.0,42.790364470137774,31.32195197477068
14.33314616998895,0.0,42.53067830641778,31.06222681105068
14.33314616998895,0.0,42.27099264269778,30.73756760640068
14.33314616998895,0.0,42.07623501990778,30.41291540175068
14.33314616998895,0.0,41.88148139711778,30.023313156170683
14.33314616998895,0.0,41.686728274327784,29.69865095152069
14.33314616998895,0.0,41.427040110607784,29.43892628780069
14.33314616998895,0.0,41.23228148781779,29.11426208315069
14.33314616998895,0.0,41.037526865027786,28.789606878500695
14.33314616998895,0.0,40.84276574223779,28.400023632920696
14.33314616998895,0.0,40.64800561944779,28.075363428270695
14.33314616998895,0.0,40.453244496657796,27.750698723620694
14.33314616998895,0.0,40.3234134147978,27.426030518970695
14.33314616998895,0.0,40.1286537920078,27.166310355250697
14.33314616998895,0.0,39.9338936692178,26.906592691530697
14.26820212905895,0.0,39.8689831282878,26.5819229868807
14.20326408812895,0.0,39.804068587357804,26.2572677822307
14.13832604719895,0.0,39.73915404642781,25.932612077580696
14.07339050626895,0.0,39.60930696456781,25.672904413860692
14.00845496533895,0.0,39.47945988270781,25.413192250140693
13.87857388347895,0.0,39.41452934177781,25.153477586420696
13.81363234254895,0.0,39.28468225991781,24.8937699227007
13.74868830161895,0.0,39.15483717805781,24.634062258980702
13.74868830161895,0.0,38.960067555267806,24.3743490952607
13.74868830161895,0.0,38.7653024324778,24.114636431540703
13.68374376068895,0.0,38.6354538506178,23.7250476859607
13.61880221975895,0.0,38.5056102687578,23.3354574403807
13.61880221975895,0.0,38.3108436459678,22.945878194800702
13.61880221975895,0.0,38.116078523177805,22.556290449220704
13.61880221975895,0.0,37.92130890038781,22.231644744570705
13.61880221975895,0.0,37.72653627759781,21.842055498990707
13.61880221975895,0.0,37.53176215480781,21.517395794340707
13.61880221975895,0.0,37.33698953201781,21.192735589690706
13.61880221975895,0.0,37.14221240922781,20.868077885040705
13.55385817882895,0.0,37.01236782736781,20.543422680390705
13.48891663789895,0.0,36.882519245507815,20.218766975740703
13.35903105603895,0.0,36.817588704577815,19.829189730160703
13.294091015108949,0.0,36.68773262271782,19.439602484580703
13.229150974178948,0.0,36.557883540857816,19.114950779930705
13.164209433248947,0.0,36.428028958997814,18.790290575280707
13.099272892318947,0.0,36.29817987713781,18.465629370630708
13.034339351388947,0.0,36.16832529527781,18.14097416598071
12.969405810458948,0.0,36.03847071341781,17.816311461330717
12.839524728598947,0.0,35.973544172487806,17.491643756680716
12.709642646738947,0.0,35.9086176315578,17.16697755203072
12.579757564878946,0.0,35.843691590627806,16.90725188831072
12.449881983018946,0.0,35.77877104969781,16.58259318366072
12.320006901158946,0.0,35.71385050876781,16.25793897901072
12.190128319298946,0.0,35.64893396783781,15.933278774360721
12.060247237438945,0.0,35.58401742690781,15.738494651570722
11.930364655578945,0.0,35.51909938597781,15.413837946920724
11.800482073718944,0.0,35.454178845047814,15.089201742270724
11.670601991858945,0.0,35.38926080411781,14.764554037620725
11.540719409998944,0.0,35.32434276318781,14.439911832970726
11.410842828138945,0.0,35.259424722257805,14.180197669250726
11.280966746278946,0.0,35.1945066813278,13.855555964600725
11.216034705348946,0.0,35.0646605994678,13.530913259950726
11.151102664418946,0.0,34.9348145176078,13.206266555300726
11.021223082558947,0.0,34.869896476677795,12.946549391580728
10.956291041628948,0.0,34.74005739481779,12.686833227860728
10.891359000698948,0.0,34.61021131295779,12.427113064140727
10.826426959768948,0.0,34.48036673109779,12.167391400420728
10.761494418838948,0.0,34.35052764923778,11.97260427763073
10.696561877908948,0.0,34.22069306737778,11.64795007298073
10.631629336978948,0.0,34.09085448551778,11.323288868330732
10.566697296048948,0.0,33.96101290365778,10.998634163680732
10.501765255118949,0.0,33.83117132179778,10.738916499960732
10.43683321418895,0.0,33.701334239937786,10.414271295310732
10.30695513232895,0.0,33.57149715807779,10.154556131590732
10.17707705046895,0.0,33.441651576217794,9.829905926940734
9.98225742767895,0.0,33.441651576217794,9.440318181360738
9.852381345818952,0.0,33.441651576217794,9.050723435780741
9.657561223028951,0.0,33.441651576217794,8.726071231130742
9.46274460023895,0.0,33.441651576217794,8.336486985550744
9.26792597744895,0.0,33.441651576217794,7.946908239970744
9.13804889558895,0.0,33.31180199435779,7.622257035320745
9.00817031372895,0.0,33.18195241249779,7.2976023306707445
8.81334719093895,0.0,33.117023871567795,7.037889666950743
8.74841465000895,0.0,32.9871732897078,6.778178503230742
8.68348210907895,0.0,32.8573187078478,6.518474339510742
8.55360202721895,0.0,32.792384666917805,6.2587686757907415
8.42372544535895,0.0,32.7274441259878,5.93411847114074
8.293848863498951,0.0,32.662510085057804,5.6094667664907405
8.16397478163895,0.0,32.597576044127806,5.2198920209107404
7.96915965884895,0.0,32.53264200319781,4.89524331626074
7.77434253605895,0.0,32.46770796226781,4.50566857068074
7.579527413268949,0.0,32.40277742133781,4.116095325100741
7.384706290478949,0.0,32.272920339477814,3.79146512045074
7.189882167688948,0.0,32.207989798547814,3.401895874870741
7.124949626758948,0.0,32.07813871668782,3.012336129290741
7.060017085828948,0.0,31.948287634827818,2.622768383710741
6.865192963038948,0.0,31.818430552967815,2.298140679060741
6.8002604221089475,0.0,31.623650930177813,1.9735204744107409
6.670381840248948,0.0,31.42887730738781,1.648892769760741
6.605448299318947,0.0,31.29903572552781,1.259319524180741
6.475565717458948,0.0,31.10426210273781,0.9346933195307409
6.410625676528948,0.0,30.90948547994781,0.6100691148807408
6.280739594668948,0.0,30.714708857157813,0.3503719511607407
6.150853512808949,0.0,30.584862775297815,0.025723246510740663
6.020961430948949,0.0,30.455016693437816,0.0
5.891076849088949,0.0,30.260245570647818,0.0
5.82614030815895,0.0,30.06547594785782,0.0
5.76120626722895,0.0,29.87071082506782,0.0
5.69627222629895,0.0,29.67594620227782,0.0
5.5663941444389495,0.0,29.48118007948782,0.0
5.436517562578949,0.0,29.28641395669782,0.0
5.371584021648949,0.0,29.09165233390782,0.0
5.3066504807189485,0.0,28.89688721111782,0.0
5.241716439788949,0.0,28.70212958832782,0.0
5.176782398858949,0.0,28.507371465537823,0.0
5.046903816998949,0.0,28.312612342747823,0.0
4.917026735138949,0.0,28.117853219957823,0.0
4.787144153278948,0.0,27.923097097167823,0.0
4.657261571418948,0.0,27.728343474377823,0.0
4.527384989558947,0.0,27.533585851587823,0.0
4.397507407698947,0.0,27.338831228797822,0.0
4.267629825838946,0.0,27.144074106007825,0.0
4.137751743978946,0.0,26.949311483217826,0.0
4.072817703048946,0.0,26.754550360427828,0.0
3.942939121188946,0.0,26.559784737637827,0.0
3.7481104983989457,0.0,26.494868196707827,0.0
3.6182299165389455,0.0,26.429950155777828,0.0
3.4883488346789453,0.0,26.235182532987828,0.0
3.3584702528189454,0.0,26.10534345112783,0.0
3.2285936709589453,0.0,26.04042541019783,0.0
3.0987155890989455,0.0,25.97550736926783,0.0
2.9688315072389453,0.0,25.91058932833783,0.0
2.8389429253789453,0.0,25.78075224647783,0.0
2.7090513435189454,0.0,25.650912164617832,0.0
2.6441068025889454,0.0,25.456152541827834,0.0
2.5791622616589454,0.0,25.261395419037836,0.0
2.5142122207289455,0.0,25.06663329624784,0.0
2.3843236388689455,0.0,24.936796714387842,0.0
2.2544350570089455,0.0,24.806958132527843,0.0
2.1245504751489457,0.0,24.677119550667843,0.0
1.9946598932889457,0.0,24.547282468807843,0.0
1.7998217704989457,0.0,24.482373427877842,0.0
1.6049796477089455,0.0,24.417461386947842,0.0
1.4101375249189454,0.0,24.35254834601784,0.0
1.2153014021289454,0.0,24.28763630508784,0.0
1.1503553611989454,0.0,24.15779522322784,0.0
0.9555207384089455,0.0,24.09287718229784,0.0
0.7606831156189454,0.0,24.02795664136784,0.0
0.5658549928289452,0.0,23.96303610043784,0.0
0.4359769109689452,0.0,23.89811205950784,0.0
0.24115428817894516,0.0,23.833188018577843,0.0
0.0463276653889451,0.0,23.768263977647845,0.0
0.0,0.0,23.703339936717846,0.0
0.0,0.0,23.638415895787848,0.0
0.0,0.0,23.57349185485785,0.0
0.0,0.0,23.50856781392785,0.0
0.0,0.0,23.44364727299785,0.0
0.0,0.0,23.37872673206785,0.0
0.0,0.0,23.31380269113785,0.0
0.0,0.0,23.248878650207853,0.0
0.0,0.0,23.119022068347856,0.0
0.0,0.0,22.989171986487857,0.0
0.0,0.0,22.794401363697858,0.0
0.0,0.0,22.59963024090786,0.0
0.0,0.0,22.404861618117863,0.0
0.0,0.0,22.210093495327865,0.0
0.0,0.0,22.080249413467865,0.0
0.0,0.0,21.950403831607865,0.0
0.0,0.0,21.755632708817867,0.0
0.0,0.0,21.690719667887866,0.0
0.0,0.0,21.625806626957864,0.0
0.0,0.0,21.560893586027863,0.0
0.0,0.0,21.495975545097863,0.0
0.0,0.0,21.431053004167865,0.0
0.0,0.0,21.366130463237866,0.0
0.0,0.0,21.301202422307867,0.0
0.0,0.0,21.236279881377868,0.0
0.0,0.0,21.17135184044787,0.0
0.0,0.0,21.17135184044787,0.0
0.0,0.0,21.17135184044787,0.0
0.0,0.0,21.17135184044787,0.0
0.0,0.0,21.17135184044787,0.0
0.0,0.0,21.10642929951787,0.0
0.0,0.0,21.04150125858787,0.0
0.0,0.0,21.04150125858787,0.0
0.0,0.0,20.976578717657873,0.0
0.0,0.0,20.911656176727874,0.0
0.0,0.0,20.781815594867876,0.0
0.0,0.0,20.651973513007878,0.0
0.0,0.0,20.52213143114788,0.0
0.0,0.0,20.45721839021788,0.0
0.0,0.0,20.392303849287877,0.0
0.0,0.0,20.327391808357877,0.0
0.0,0.0,20.262481267427876,0.0
0.0,0.0,20.197570726497876,0.0
0.0,0.0,20.067737644637877,0.0
0.0,0.0,19.937904562777877,0.0
0.0,0.0,19.80807048091788,0.0
0.0,0.0,19.678237899057883,0.0
0.0,0.0,19.613327358127883,0.0
0.0,0.0,19.548418317197882,0.0
0.0,0.0,19.48350627626788,0.0
0.0,0.0,19.41859573533788,0.0
0.0,0.0,19.35368119440788,0.0
0.0,0.0,19.28876665347788,0.0
0.0,0.0,19.15892957161788,0.0
0.0,0.0,18.96415844882788,0.0
0.0,0.0,18.83432336696788,0.0
0.0,0.0,18.704488285107878,0.0
0.0,0.0,18.57465220324788,0.0
0.0,0.0,18.509737662317878,0.0
0.0,0.0,18.444823121387877,0.0
0.0,0.0,18.379908580457876,0.0
0.0,0.0,18.314994039527875,0.0
0.0,0.0,18.250079498597874,0.0
0.0,0.0,18.185161457667874,0.0
0.0,0.0,18.120248416737873,0.0
0.0,0.0,18.05533537580787,0.0
0.0,0.0,17.990417334877872,0.0
0.0,0.0,17.795638212087873,0.0
0.0,0.0,17.600869589297876,0.0
0.0,0.0,17.406103466507876,0.0
0.0,0.0,17.21133334371788,0.0
0.0,0.0,17.01656472092788,0.0
0.0,0.0,16.821787098137882,0.0
0.0,0.0,16.627014475347885,0.0
0.0,0.0,16.432241852557887,0.0
0.0,0.0,16.23745822976789,0.0
0.0,0.0,16.107611647907888,0.0
0.0,0.0,15.97777106604789,0.0
0.0,0.0,15.84792598418789,0.0
0.0,0.0,15.718080902327891,0.0
0.0,0.0,15.588234320467892,0.0
0.0,0.0,15.458387738607893,0.0
0.0,0.0,15.328541156747894,0.0
0.0,0.0,15.198699074887895,0.0
0.0,0.0,15.068852493027896,0.0
0.0,0.0,14.939017411167896,0.0
0.0,0.0,14.809186329307895,0.0
0.0,0.0,14.679359247447895,0.0
0.0,0.0,14.549525665587895,0.0
0.0,0.0,14.419686583727895,0.0
0.0,0.0,14.289851001867895,0.0
0.0,0.0,14.160013920007895,0.0
0.0,0.0,14.095101879077895,0.0
0.0,0.0,13.965261297217895,0.0
0.0,0.0,13.835420215357894,0.0
0.0,0.0,13.705577633497894,0.0
0.0,0.0,13.575732551637895,0.0
0.0,0.0,13.445887469777896,0.0
0.0,0.0,13.316044887917895,0.0
0.0,0.0,13.186202306057895,0.0
0.0,0.0,13.056359224197896,0.0
0.0,0.0,12.926522142337896,0.0
0.0,0.0,12.861609101407897,0.0
0.0,0.0,12.796698560477896,0.0
0.0,0.0,12.731785519547897,0.0
0.0,0.0,12.601942937687896,0.0
0.0,0.0,12.472105855827897,0.0
0.0,0.0,12.342262773967898,0.0
0.0,0.0,12.212419692107899,0.0
0.0,0.0,12.082580610247899,0.0
0.0,0.0,11.952742028387899,0.0
0.0,0.0,11.822908946527898,0.0
0.0,0.0,11.693073864667898,0.0
0.0,0.0,11.563239782807898,0.0
0.0,0.0,11.433405200947897,0.0
0.0,0.0,11.303568119087897,0.0
0.0,0.0,11.173738537227896,0.0
0.0,0.0,11.043902955367896,0.0
0.0,0.0,10.914065873507896,0.0
0.0,0.0,10.784231291647895,0.0
0.0,0.0,10.654396709787894,0.0
0.0,0.0,10.524562627927894,0.0
0.0,0.0,10.394734046067894,0.0
0.0,0.0,10.264906964207894,0.0
32.536406214951135,77.52677855246635,72.83482615116014,71.13780261102234
32.40653563309114,77.26709088874635,72.64007502837015,70.87807194730235
32.27666805123114,76.94246718409636,72.44531940558015,70.68328482451234
32.14679896937114,76.61784847944635,72.31549832372015,70.42356066079235
32.01692688751114,76.22829873386635,72.18567374186014,70.22876753800234
31.887057805651143,75.83874848828636,72.05585066000013,70.03397891521234
31.757185223791144,75.51414228363636,71.92602707814012,69.77424025149234
31.62730964193114,75.18953007898637,71.79620449628013,69.51450808777234
31.49743406007114,74.86491587433636,71.66638191442013,69.25477892405235
31.367558478211137,74.54030666968636,71.53655983256013,68.99504576033235
31.237681896351138,74.15076042410635,71.40673625070012,68.80025763754234
31.107805314491138,73.76122067852636,71.27690916884012,68.60547101475234
30.97792873263114,73.37167443294635,71.14708458698011,68.41068089196234
30.848058150771138,72.98213268736635,71.01725750512011,68.21589826917234
30.718190068911134,72.65753598271635,70.88742892326012,67.95617510545235
30.588319487051134,72.33294177806636,70.75760234140012,67.69644744173235
30.458447405191134,72.00834307341636,70.62777875954012,67.43672527801235
30.328576823331133,71.61880832783635,70.49795017768012,67.24194665522234
30.198706741471135,71.29421162318634,70.36812459582012,66.98221549150233
30.00389261868113,70.96961791853634,70.30321455489012,66.72248332778233
29.809082995891128,70.64502071388634,70.17337197303011,66.52769470499233
29.614277373101128,70.32042450923633,70.04353089117011,66.33290008220233
29.41947325031113,69.93090176365634,69.9786223502401,66.13810545941233
29.22466962752113,69.54138151807634,69.9137123093101,65.94331733662233
29.029863004731133,69.15186227249633,69.8488037683801,65.74851571383232
28.835059881941135,68.69740148598632,69.78389472745009,65.61866313197231
28.640255259151136,68.30787824040632,69.71898468652009,65.42387350918231
28.44545263636114,67.91835649482631,69.58914210466008,65.29402642732231
28.25065101357114,67.5937602901763,69.45929902280008,65.0992398045323
28.05585089078114,67.26915958552631,69.32945794094007,64.9044631817423
27.861051767991142,66.94455538087631,69.19962135908007,64.7096870589523
27.66625164520114,66.61995467622631,69.06978177722007,64.51491243616229
27.471451022411138,66.2953514715763,68.93994069536006,64.32013631337229
27.276650399621136,65.97074826692628,68.81009611350007,64.12535919058229
27.081848276831135,65.64615156227627,68.68025203164007,63.93057306779228
26.887042154041133,65.32154585762626,68.55041144978006,63.73578794500228
26.692241031251136,64.99693965297625,68.42057086792005,63.541005822212284
26.497436408461137,64.73726448925626,68.29072778606005,63.28129015849229
26.302633785671137,64.41266278460627,68.16088470420004,63.08650503570229
26.10783066288114,64.08805807995626,68.03103762234004,62.89172191291229
25.913026040091136,63.763456875306254,67.96612308141003,62.63198874919228
25.718217417301137,63.37391512972625,67.90120854048003,62.43720062640228
25.523411294511135,62.98437838414625,67.83629649955003,62.242416503612276
25.328602171721133,62.594841138566245,67.77138345862004,62.04763488082227
25.198731589861133,62.20530439298624,67.64154837676003,61.852841258032264
25.003918467071134,61.81576764740625,67.57663033583003,61.65804113524226
24.809101844281134,61.49116244275625,67.51171229490004,61.39831047152225
24.679233762421134,61.166555738106254,67.38187121304004,61.13858430780225
24.54936418056113,60.84194853345625,67.25203263118004,60.87886164408225
24.354550557771127,60.51734282880624,67.12219154932004,60.68407652129225
24.159738934981124,60.19273862415624,66.99234996746003,60.48930239850225
24.029871353121123,59.803200378576236,66.86251888560002,60.29452127571224
23.90000327126112,59.41367713299623,66.73268980374002,60.09973865292224
23.705195648471122,59.024148387416226,66.66777926281001,59.90496053013224
23.575329066611122,58.63461864183622,66.53794818095001,59.71018390734224
23.445463984751125,58.24508139625622,66.40811959909001,59.515411784552235
23.250651361961125,57.98540723253622,66.34320755816002,59.19076407990223
23.12078228010113,57.66079152788622,66.21337797630002,58.931061416182224
22.99091419824113,57.33617782323621,66.08354489444002,58.67136525246223
22.86104611638113,57.01156611858622,65.95371381258002,58.411671088742224
22.66623349359113,56.68695191393622,65.88879577165002,58.151969425022216
22.53636541173113,56.362334709286216,65.75896168979003,57.89226626130221
22.406497829871128,56.03771750463621,65.62912810793003,57.632565597582214
22.276631748011127,55.71309529998621,65.49929652607003,57.372863933862206
22.146767666151128,55.3884750953362,65.36946944421003,57.113159770142204
22.01690358429113,55.06385689068619,65.23964736235003,56.853449106422204
21.88703900243113,54.73924368603618,65.10982228049002,56.5937309427022
21.75717492057113,54.414630481386176,64.97999269863001,56.3340167789822
21.56237079778113,54.09001677673617,64.91508415770001,56.074302615262205
21.367563674991132,53.76540507208617,64.85017561677,55.81457295154221
21.17275405220113,53.44079736743616,64.78526657584,55.554849287822215
20.977946929411132,53.116194162786165,64.72035603491,55.29512812410221
20.78314030662113,52.79159845813617,64.65544699398,55.03540946038221
20.52338214290113,52.53192179441618,64.59053795304999,54.77568729666222
20.39351606104113,52.207320089766185,64.46071237118998,54.51596863294222
20.26364847918113,51.8827158851162,64.33088878932999,54.25624996922222
20.133782397321127,51.558114680466204,64.20106220746999,53.996526805502214
20.003914315461124,51.233510975816216,64.07123562560999,53.73679164178222
19.80910019267112,50.97382931209622,63.94140904374999,53.47706547806222
19.679232110811117,50.649223107446225,63.81157946188999,53.217336314342226
19.549364028951114,50.32461440279622,63.681750380029996,52.95759615062223
19.354548906161114,50.000007198146214,63.616840339099994,52.69786398690223
19.15973428337111,49.675388493496214,63.55193129817,52.43812532318223
18.96492066058111,49.28585574791621,63.48702275724,52.24331870039223
18.835052078721112,48.8963285023362,63.357191675379994,52.04850957760223
18.640230955931113,48.506791756756186,63.29228113444999,51.85370745481224
18.510360874071115,48.11726051117618,63.162447552589995,51.65890683202224
18.380493292211113,47.72773226559617,63.03260997072999,51.46410020923224
18.250627210351116,47.33819952001616,62.90277088886999,51.26929508644224
18.055820587561115,46.948667274436154,62.837852847939985,51.07449496365224
17.861014964771115,46.559135528856146,62.77293480700998,50.87969034086225
17.666201341981115,46.16960228327614,62.70801676607998,50.684888218072246
17.471392219191113,45.78006703769614,62.643098725149976,50.490088595282245
17.276581096401113,45.39053729211614,62.57818068421997,50.29528447249225
17.146713014541113,45.00101354653614,62.44835110235997,50.10048284970225
17.016844932681114,44.61148530095615,62.31852502049997,49.90567772691225
16.822028309891117,44.28688209630615,62.188693938639965,49.71087460412225
16.62721318710112,43.897350850726156,62.123777897709964,49.51607498133225
16.49734510524112,43.50781610514615,61.99394831584996,49.32126435854225
16.302533982451124,43.18320890049615,61.86411573398997,49.12644773575225
16.107721359661124,42.858602195846146,61.73428615212997,48.93163411296225
15.912908736871124,42.534003491196145,61.60444957026997,48.73681749017225
15.653144573151124,42.209409786546146,61.539529029339974,48.54200086738225
15.523271991291123,41.819892040966145,61.40967494747998,48.34718724459225
15.393399409431122,41.430377295386144,61.27982786561998,48.15237612180225
15.263522327571122,41.105783090736146,61.085062742829976,47.95756549901225
15.133645245711122,40.716265845156144,60.955224160969976,47.76275387622225
14.938823622921122,40.39167114050614,60.760444538179975,47.63288429436225
14.808946541061122,40.00214239492613,60.56566541538998,47.50301621250225
14.744014000131122,39.61261164934613,60.305970251669976,47.37314663064225
14.614135918271122,39.223083903766124,60.11119762887997,47.243277048782254
14.484260336411122,38.83355515818612,59.916425006089966,47.113409466922256
14.354389754551121,38.44402541260613,59.72166138329997,46.98353988506226
14.224522172691122,38.054497667026126,59.526901760509965,46.85366880320226
14.029707549901122,37.72989846237613,59.33214263771997,46.72379922134226
13.89983446804112,37.34037971679613,59.13738101492998,46.593928139482266
13.70502134525112,36.95086247121613,59.00754043306998,46.46406255762227
13.510210222461119,36.56135072563614,58.87769535120998,46.33419597576227
13.250456058741118,36.236764520986135,58.74784476934998,46.204330393902275
13.055646435951118,35.84725527540613,58.617994187489984,46.074463812042275
12.86083481316112,35.457740529826125,58.488143605629986,45.944594230182275
12.60107664944112,35.13315232517613,58.35829302376999,45.81472714832228
12.40625852665112,34.74363857959613,58.228443941909994,45.68486006646228
12.211443403861121,34.354124834016126,58.09859486005,45.554994484602275
12.081572822001121,33.96461158843612,57.903829737260004,45.42512940274227
11.95170424014112,33.57509734285611,57.709068614470006,45.29526032088227
11.82183565828112,33.1855810972761,57.514304991680014,45.16539123902227
11.69196657642112,32.79606685169609,57.25461982796002,45.10046569809227
11.56209949456112,32.40654710611609,57.059866205170025,44.97059611623227
11.43223291270112,32.017022360536096,56.865116582380026,44.84072803437227
11.302366830841121,31.62750361495609,56.60544091866002,44.77580399344227
11.172500248981121,31.237979369376088,56.34576125494002,44.71087845251227
11.042634167121122,30.913380164726085,56.15101213215002,44.516076829722266
10.912766085261122,30.523854419146087,55.956256509360024,44.38621124786226
10.717953962471123,30.264184755426086,55.761501386570025,44.191413625072265
10.523141839681124,29.939588550776083,55.56675026378002,44.061549543212266
10.393276757821123,29.614992846126082,55.37199364099002,43.86675092042226
10.263410675961124,29.29039564147608,55.11230597727002,43.73690233856226
10.133543094101125,28.965797936826082,54.85262331355002,43.60705475670226
10.003676512241125,28.641192732176084,54.59293814983002,43.477201674842256
9.873809930381125,28.316584027526087,54.33325248611002,43.34734859298225
9.678997807591125,27.99196382287609,54.073556822390024,43.28242905205225
9.419238143871127,27.79720570008609,53.813854658670024,43.15257747019225
9.224422021081127,27.537523536366084,53.61908353588002,42.957781847402245
9.029607398291127,27.212902331716084,53.424319413090025,42.82793276554224
8.834793275501127,26.88827662706608,53.22955679030003,42.69808368368224
8.639979652711128,26.563653422416078,53.03479916751004,42.56823060182224
8.445167529921129,26.239028717766075,52.84003804472004,42.438369519962244
8.185412366201128,25.979328554046074,52.645280421930046,42.30850393810224
7.990604243411127,25.589774308466072,52.45051979914005,42.24357639717224
7.795792120621127,25.26514910381607,52.25575217635004,42.113717315312236
7.536025456901126,25.00544794009607,52.06097755356004,41.98385823345223
7.2762527931811265,24.745753776376063,51.86619843077005,41.854001651592235
7.016479629461126,24.48606061265606,51.67141580798005,41.72414556973223
6.821657006671126,24.16143840800606,51.476633185190046,41.59429048787223
6.5618793429511255,23.90174924428606,51.28185256240005,41.464438406012235
6.367048720161126,23.57713353963606,51.08707393961005,41.33459282415223
6.237164138301126,23.252518334986057,50.827369775890055,41.20474924229223
6.107287556441126,22.927907130336056,50.567665112170054,41.074906660432234
5.977404974581127,22.603302425686053,50.37289598938005,40.88011953764223
5.912471433651127,22.27868722103605,50.113209325660044,40.685332914852225
5.782586351791127,22.01900805731605,49.85352316194004,40.490544792062224
5.717646310861127,21.69439235266605,49.593833998220035,40.29575066927222
5.587758729001128,21.36977564801605,49.33414433450004,40.16590258741222
5.522822188071128,21.04516544336605,49.00952762985004,40.03605000555222
5.392941106211128,20.78548577964605,48.68492192520004,39.90619742369222
5.263055024351129,20.46087807499605,48.42523426148004,39.77634484183222
5.0682264015611285,20.266120952206048,48.10062255683005,39.64649425997222
4.8733962787711285,20.006431788486047,47.840942893110046,39.516646678112224
4.613616115051129,19.811672165696045,47.58126372939005,39.386799096252226
4.4187794922611285,19.551996501976042,47.32157656567005,39.25695151439223
4.223940869471129,19.35724137918604,46.99696886102005,39.12710093253223
4.158994828541129,19.032633674536036,46.672357156370055,38.99724785067223
4.094048787611129,18.708022469886036,46.34775095172005,38.86739476881223
3.964162705751129,18.448333806166037,46.02314974707005,38.737544186952235
3.8992226648211292,18.123725101516037,45.69855154242005,38.60769510509223
3.834276623891129,17.79911289686604,45.37394283777005,38.47784302323224
3.769336582961129,17.47450119221604,45.04933263312006,38.347991441372244
3.7043965420311293,17.149888987566037,44.72472242847006,38.218138359512245
3.5745079601711294,16.825277782916036,44.46502526475006,38.08828377765225
3.379674337381129,16.565594619196037,44.20533610103006,37.958429195792256
3.314729796451129,16.240986414546036,43.880716396380066,37.82857611393226
3.249785255521129,15.916368709896037,43.556095191730066,37.69872553207226
3.1198946736611286,15.65668404617604,43.23147898708007,37.568870950212265
2.9900070918011283,15.397004382456037,42.90686578243007,37.43901886835227
2.7951769690111283,15.202249759666037,42.58225257778007,37.30916678649228
2.7302369280811285,14.877645555016038,42.25764137313007,37.17931470463228
2.6652923871511285,14.55303885036604,41.93303066848008,37.049464122772285
2.5354033052911285,14.228434645716042,41.67334000476008,36.919614040912286
2.4055142234311284,13.903835941066044,41.41364634104008,36.789769959052286
2.3405696825011284,13.579243736416046,41.08903013639007,36.659923377192285
2.2756251415711284,13.254644031766047,40.76442043174007,36.53007579533229
2.2106806006411284,12.930044327116049,40.43981522709007,36.40022821347229
2.0158469778511283,12.67036666339605,40.18012406337007,36.27038063161229
1.8859623959911282,12.345762958746052,39.920431899650076,36.14053304975229
1.7560778141311282,12.021160754096053,39.66074823593008,36.01068396789229
1.626196232271128,11.696549549446054,39.40106207221009,35.88083338603229
1.4313646094811279,11.436869385726055,39.141374408490094,35.750983304172294
1.3014780276211277,11.177191222006055,38.8167717038401,35.621133222312295
1.1066499048311276,10.917507058286054,38.5570900401201,35.4912826404523
0.9118192820411276,10.657822394566054,38.297405876400106,35.3614295585923
0.7819327001811276,10.398144230846055,37.97281017175011,35.2315764767323
0.6520461183211276,10.138467067126056,37.64820796710012,35.1017213948723
0.5221595364611276,9.878795403406057,37.32360276245012,34.9718663130123
0.3273219136711275,9.619119239686057,37.063907598730125,34.8420112311523
0.19743183181112745,9.359441075966059,36.73927989408012,34.7121561492923
0.0675372499511274,9.099765412246057,36.41465418943012,34.5823030674323
0.0675372499511274,8.775154207596056,36.025097443850115,34.452450985572305
0.0,8.450543502946058,35.76538578013012,34.32259640371231
0.0,8.19085533922606,35.44074957548012,34.192741821852316
0.0,7.931173175506059,35.181045911760116,34.06288973999232
0.0,7.606547970856059,34.85642320711012,33.93303765813233
0.0,7.2819272662060595,34.53178800246012,33.803185576272334
0.0,6.95731606155606,34.142224756880125,33.67333349441234
0.0,6.76255343876606,33.81758805223012,33.54348291255234
0.0,6.437935734116062,33.49294284758012,33.41363083069235
0.0,6.113314529466062,33.168300142930114,33.28378324883235
0.0,5.788686324816062,32.84366393828011,33.15393566697235
0.0,5.528987661096062,32.51903723363011,33.02408808511235
0.0,5.269287497376062,32.19441252898011,32.894237503252356
0.0,4.944663292726063,31.93471236526011,32.76438992139236
0.0,4.684967629006064,31.67501570154011,32.634541339532355
0.0,4.425265965286063,31.415321537820112,32.50469275767235
0.0,4.165574301566063,31.090699333170114,32.30990513488235
0.0,3.905879137846063,30.831000669450116,32.115123512092346
0.0,3.776041055986063,30.636220046660117,31.920344389302343
0.0,3.5812849331960632,30.37651588294012,31.72555176651234
0.0,3.321589769476063,30.11683071922012,31.59569918465234
0.0,3.061894105756063,29.857145555500118,31.46584660279234
0.0,2.7372714011060633,29.59745439178012,31.33599002093234
0.0,2.412645696456063,29.33775422806012,31.20613743907234
0.0,2.0230954508760624,29.142967105270124,31.07628435721234
0.0,1.6984662462260622,28.948178482480127,30.946429775352343
0.0,1.3738450415760621,28.68847831876013,30.816575193492344
0.0,1.0492228369260619,28.42877815504013,30.686723111632343
0.0,0.7246021322760616,28.169072991320135,30.556870029772345
0.0,0.3999924276260616,27.90936782760014,30.427016947912346
0.0,0.07538022297606145,27.64965216388014,30.297166366052345
0.0,0.0,27.325009459230145,30.167315784192343
0.0,0.0,27.130231836440146,29.972525661402344
0.0,0.0,26.935452713650147,29.777744038612344
0.0,0.0,26.740687090860146,29.582964415822342
0.0,0.0,26.545922968070144,29.388182793032342
0.0,0.0,26.351155845280143,29.19340467024234
0.0,0.0,26.156388722490142,28.998630547452343
0.0,0.0,25.961619599700143,28.803855924662344
0.0,0.0,25.766860476910143,28.609077801872342
0.0,0.0,25.57210335412014,28.41430267908234
0.0,0.0,25.37733923133014,28.21953255629234
0.0,0.0,25.18257210854014,28.02476243350234
0.0,0.0,24.987797985750138,27.829985310712342
0.0,0.0,24.793021362960136,27.700141728852344
0.0,0.0,24.598250240170135,27.570291146992343
0.0,0.0,24.403482617380135,27.440447065132343
0.0,0.0,24.143790953660133,27.310605983272342
0.0,0.0,23.88410478994013,27.115830360482345
0.0,0.0,23.62442162622013,26.985988778622342
0.0,0.0,23.429659003430128,26.856146196762342
0.0,0.0,23.234901380640125,26.726304114902344
0.0,0.0,23.040139257850125,26.596458533042345
0.0,0.0,22.845378635060126,26.466614451182345
0.0,0.0,22.650616512270126,26.336767369322345
0.0,0.0,22.455854889480126,26.206923287462345
0.0,0.0,22.261091266690126,26.07707370560235
0.0,0.0,22.066334643900124,25.94722412374235
0.0,0.0,21.87157552111012,25.817374541882355
0.0,0.0,21.67682339832012,25.68752496002236
0.0,0.0,21.48207327553012,25.55767637816236
0.0,0.0,21.287322652740116,25.427833296302357
0.0,0.0,21.092577029950117,25.297990714442356
0.0,0.0,20.96275644809012,25.103203591652353
0.0,0.0,20.83293586623012,24.84348442793235
0.0,0.0,20.70311378437012,24.583769264212346
0.0,0.0,20.508362661580122,24.388991641422344
0.0,0.0,20.37853657972012,24.12926347770234
0.0,0.0,20.183779956930117,23.999410395842343
0.0,0.0,19.989018334140116,23.869557313982344
0.0,0.0,19.794256711350116,23.739712232122347
0.0,0.0,19.599496088560116,23.609866650262347
0.0,0.0,19.404739965770116,23.480022068402345
0.0,0.0,19.274906883910116,23.285232445612344
0.0,0.0,19.080151261120115,23.155389863752344
0.0,0.0,18.88539913833011,23.025542781892344
0.0,0.0,18.69064801554011,22.895694700032347
0.0,0.0,18.495896892750107,22.765843618172347
0.0,0.0,18.301145769960105,22.63599053631235
0.0,0.0,18.1063936471701,22.50613895445235
0.0,0.0,17.8467174834501,22.37628637259235
0.0,0.0,17.5870493197301,22.246428790732352
0.0,0.0,17.3273796560101,22.116572708872354
0.0,0.0,17.0677139922901,21.986719627012356
0.0,0.0,16.8080498285701,21.921798086082354
0.0,0.0,16.548384164850102,21.791942004222356
0.0,0.0,16.288724001130102,21.727017963292358
0.0,0.0,16.0290618374101,21.59716188143236
0.0,0.0,15.7694036736901,21.46730879957236
0.0,0.0,15.5097410099701,21.337454217712363
0.0,0.0,15.250079846250099,21.207595135852365
0.0,0.0,14.990418682530098,21.142669594922367
0.0,0.0,14.795683059740098,21.07774405399237
0.0,0.0,14.536018896020096,21.01281851306237
0.0,0.0,14.341276273230095,20.947892972132372
0.0,0.0,14.081611109510094,20.882967431202374
0.0,0.0,13.757021904860093,20.818044390272373
0.0,0.0,13.497352241140092,20.753121349342372
0.0,0.0,13.23767657742009,20.68820130841237
0.0,0.0,13.04292195463009,20.62327826748237
0.0,0.0,12.84816733184009,20.49342318562237
0.0,0.0,12.65341020905009,20.42849764469237
0.0,0.0,12.45865108626009,20.363572103762372
0.0,0.0,12.263897463470089,20.233714521902375
0.0,0.0,12.069140840680088,20.103861440042376
0.0,0.0,11.809457676960088,19.974012358182375
0.0,0.0,11.614694554170088,19.844164276322378
0.0,0.0,11.419929931380087,19.71431619446238
0.0,0.0,11.290094849520088,19.519521571672378
0.0,0.0,11.160262267660087,19.32473094888238
0.0,0.0,10.965501144870087,19.12994682609238
0.0,0.0,10.835665063010087,18.870224662372383
0.0,0.0,10.770754522080086,18.610504498652386
0.0,0.0,10.640921440220085,18.35078733493239
0.0,0.0,10.576011399290085,18.091066671212396
0.0,0.0,10.511100858360084,17.831348507492397
0.0,0.0,10.381261276500084,17.636575384702397
0.0,0.0,10.251420694640084,17.441799261912397
0.0,0.0,10.056658071850084,17.2470186391224
0.0,0.0,9.861894949060083,17.052235516332402
0.0,0.0,9.667137826270082,16.922384434472406
0.0,0.0,9.537305244410081,16.727606811682406
0.0,0.0,9.40747216255008,16.53282218889241
0.0,0.0,9.27763958069008,16.402971107032414
0.0,0.0,9.14780699883008,16.273122525172415
0.0,0.0,9.017973916970078,16.143274443312418
0.0,0.0,8.888139835110078,16.01342286145242
0.0,0.0,8.758306753250077,15.883571279592418
0.0,0.0,8.628473671390076,15.68878165680242
0.0,0.0,8.498643089530075,15.55892807494242
0.0,0.0,8.368813507670074,15.429072993082421
0.0,0.0,8.238984925810074,15.234285870292423
0.0,0.0,8.109156343950074,15.039501747502424
0.0,0.0,7.979329262090075,14.844712124712425
0.0,0.0,7.8495021802300755,14.649926001922424
0.0,0.0,7.719672598370076,14.455152879132424
0.0,0.0,7.589843016510077,14.260376756342424
0.0,0.0,7.460013434650078,14.065600633552425
0.0,0.0,7.265259811860078,13.870827510762425
0.0,0.0,7.070506689070078,13.676049887972425
0.0,0.0,6.940677107210079,13.481273265182427
0.0,0.0,6.7459294844200794,13.351430183322428
0.0,0.0,6.551176361630079,13.221585101462427
0.0,0.0,6.356420238840078,13.026803478672427
0.0,0.0,6.161661116050078,12.832016355882427
0.0,0.0,5.966905993260077,12.637230733092427
0.0,0.0,5.772146370470078,12.442440110302426
0.0,0.0,5.577393247680077,12.247654487512428
0.0,0.0,5.3826386248900775,12.052873864722427
0.0,0.0,5.187883502100077,11.858090241932427
0.0,0.0,4.993128879310078,11.663312119142427
0.0,0.0,4.798369256520077,11.338666414492428
0.0,0.0,4.603611133730078,11.078950750772428
0.0,0.0,4.408849510940078,10.819233587052427
0.0,0.0,4.279015929080078,10.559503423332426
0.0,0.0,4.084254306290078,10.364716800542427
0.0,0.0,3.889498183500078,10.169927177752427
0.0,0.0,3.694748560710078,9.910211514032428
0.0,0.0,3.500003437920078,9.715426391242428
0.0,0.0,3.305261815130078,9.52063776845243
0.0,0.0,3.1105166923400778,9.32584664566243
0.0,0.0,2.9157765695500775,9.06612548194243
0.0,0.0,2.7210319467600774,8.871338359152428
0.0,0.0,2.5262888239700776,8.676553236362428
0.0,0.0,2.3315392011800777,8.416839072642428
0.0,0.0,2.136795578390078,8.222052949852428
0.0,0.0,1.9420484556000777,8.027270827062427
0.0,0.0,1.7473033328100775,7.832477704272427
0.0,0.0,1.5525602100200775,7.637687081482427
0.0,0.0,1.3578185872300774,7.377962917762426
0.0,0.0,1.1630829644400773,7.118231754042426
0.0,0.0,0.9683453416500772,6.858511590322426
0.0,0.0,0.7736037188600772,6.598803426602426
0.0,0.0,0.5788615960700771,6.339087262882425
0.0,0.0,0.3841149732800771,6.079368599162425
0.0,0.0,0.254284391420077,5.819646935442425
0.0,0.0,0.059526768630077,5.559922771722426
0.0,0.0,0.0,5.3002031080024254
0.0,0.0,0.0,5.040484444282425
0.0,0.0,0.0,4.780767280562425
0.0,0.0,0.0,4.521042616842425
0.0,0.0,0.0,4.261319453122424
0.0,0.0,0.0,4.001599789402424
0.0,0.0,0.0,3.741881625682424
0.0,0.0,0.0,3.482163961962424
0.0,0.0,0.0,3.222446298242424
0.0,0.0,0.0,2.9627286345224237
0.0,0.0,0.0,2.7030099708024236
0.0,0.0,0.0,2.4432878070824233
0.0,0.0,0.0,2.183564643362423
0.0,0.0,0.0,1.9887715205724228
0.0,0.0,0.0,1.729042856852423
0.0,0.0,0.0,1.5991837749924231
0.0,0.0,0.0,1.4043926522024233
0.0,0.0,0.0,1.2096010294124233
0.0,0.0,0.0,1.0797459475524234
0.0,0.0,0.0,0.9498908656924234
0.0,0.0,0.0,0.7551012429024233
0.0,0.0,0.0,0.5603166201124231
0.0,0.0,0.0,0.300590456392423
0.0,0.0,0.0,0.040850792672422934
0.0,0.0,0.0,0.0
0.0,0.0,0.0,0.0
0.0,0.0,0.0,0.0
0.0,0.0,0.0,0.0
0.0,0.0,0.0,0.0
0.0,0.0,0.0,0.0
0.0,0.0,0.0,0.0
0.0,0.0,0.0,0.0
0.0,0.0,0.0,0.0
0.0,0.0,0.0,0.0
0.0,0.0,0.0,0.0
0.0,0.0,0.0,0.0
0.0,0.0,0.0,0.0
0.0,0.0,0.0,0.0
0.0,0.0,0.0,0.0
0.0,0.0,0.0,0.0
0.0,0.0,0.0,0.0
0.0,0.0,0.0,0.0
0.0,0.0,0.0,0.0
0.0,0.0,0.0,0.0
0.0,0.0,0.0,0.0
0.0,0.0,0.0,0.0
0.0,0.0,0.0,0.0
0.0,0.0,0.0,0.0
0.0,0.0,0.0,0.0
0.0,0.0,0.0,0.0
0.0,0.0,0.0,0.0
0.0,0.0,0.0,0.0
0.0,0.0,0.0,0.0
0.0,0.0,0.0,0.0
0.0,0.0,0.0,0.0
0.0,0.0,0.0,0.0
0.0,0.0,0.0,0.0
0.0,0.0,0.0,0.0
0.0,0.0,0.0,0.0
0.0,0.0,0.0,0.0
0.0,0.0,0.0,0.0
0.0,0.0,0.0,0.0
0.0,0.0,0.0,0.0
0.0,0.0,0.0,0.0
0.0,0.0,0.0,0.0
0.0,0.0,0.0,0.0
0.0,0.0,0.0,0.0
0.0,0.0,0.0,0.0
0.0,0.0,0.0,0.0
0.0,0.0,0.0,0.0
0.0,0.0,0.0,0.0
0.0,0.0,0.0,0.0
0.0,0.0,0.0,0.0
0.0,0.0,0.0,0.0
0.0,0.0,0.0,0.0
0.0,0.0,0.0,0.0
0.0,0.0,0.0,0.0
0.0,0.0,0.0,0.0
0.0,0.0,0.0,0.0
0.0,0.0,0.0,0.0
0.0,0.0,0.0,0.0
0.0,0.0,0.0,0.0
0.0,0.0,0.0,0.0
0.0,0.0,0.0,0.0
0.0,0.0,0.0,0.0
0.0,0.0,0.0,0.0
0.0,0.0,0.0,0.0
0.0,0.0,0.0,0.0
0.0,0.0,0.0,0.0
0.0,0.0,0.0,0.0
0.0,0.0,0.0,0.0
0.0,0.0,0.0,0.0
0.0,0.0,0.0,0.0
0.0,0.0,0.0,0.0
0.0,0.0,0.0,0.0
0.0,0.0,0.0,0.0
0.0,0.0,0.0,0.0
0.0,0.0,0.0,0.0
0.0,0.0,0.0,0.0
0.0,0.0,0.0,0.0
0.0,0.0,0.0,0.0
0.0,0.0,0.0,0.0
0.0,0.0,0.0,0.0
0.0,0.0,0.0,0.0
0.0,0.0,0.0,0.0
0.0,0.0,0.0,0.0
0.0,0.0,0.0,0.0
0.0,0.0,0.0,0.0
0.0,0.0,0.0,0.0
0.0,0.0,0.0,0.0
0.0,0.0,0.0,0.0
0.0,0.0,0.0,0.0
0.0,0.0,0.0,0.0
0.0,0.0,0.0,0.0
0.0,0.0,0.0,0.0
0.0,0.0,0.0,0.0
44.18602806811287,48.14889595754135,14.289736314576997,65.6838303201338
44.05614698625287,47.88920579382135,14.030065150856997,65.4890356973438
43.926258904392874,47.62952063010135,13.770399987136997,65.29424757455381
43.861319363462876,47.36983096638135,13.445799782486997,65.09945845176381
43.79637982253288,47.11014430266135,13.121206577836997,64.90466782897381
43.73143528160288,46.850451638941344,12.796616873186997,64.70986620618382
14.685058917569416,0.292143404736905,96.42368441568362,47.40697781709723
14.685058917569416,0.09737178194690493,95.96922212917362,47.21220219430723
14.685058917569416,0.0,95.51476934266361,47.01742157151724
14.685058917569416,0.0,95.06031855615362,46.82263494872724
14.620114376639416,0.0,94.67078231057363,46.62784432593725
14.620114376639416,0.0,94.21633102406363,46.43305770314725
14.620114376639416,0.0,93.76187873755364,46.23827458035725
14.555166835709416,0.0,93.37233699197365,46.043492457567254
14.555166835709416,0.0,92.91786020546365,45.84870933477726
14.490219294779417,0.0,92.59323150081366,45.65392621198727
14.490219294779417,0.0,92.20369225523365,45.45914708919727
14.490219294779417,0.0,91.81416050965365,45.26437046640728
14.490219294779417,0.0,91.42463726407365,45.06959234361728
14.490219294779417,0.0,91.03510701849366,44.87480622082729
14.490219294779417,0.0,90.64557677291364,44.68002409803729
14.425271753849417,0.0,90.32095556826364,44.485237475247295
14.425271753849417,0.0,89.99635086361364,44.22550581152729
14.360327712919418,0.0,89.73667119989365,43.965775647807284
14.295386171989417,0.0,89.47699203617364,43.70603748408728
14.230442131059418,0.0,89.21730887245363,43.38136677943728
14.165493590129417,0.0,88.95763620873362,43.056698574787276
14.100545049199416,0.0,88.69795554501361,42.73203637013728
14.035603508269416,0.0,88.4382813812936,42.40738366548728
13.970661967339415,0.0,88.17860721757361,42.08272196083728
13.905715926409416,0.0,87.91893505385362,41.82299979711728
13.840775885479415,0.0,87.65926939013362,41.56327663339729
13.775835844549414,0.0,87.39961022641361,41.30355346967729
13.710891803619415,0.0,87.13995056269361,41.043833305957286
13.645947262689415,0.0,86.88028489897361,40.784114142237286
13.581007221759414,0.0,86.62063023525361,40.45944543758728
13.516067180829413,0.0,86.36097157153361,40.199719273867274
13.451123139899414,0.0,86.10130690781361,39.87505806921727
13.386183098969413,0.0,85.84164424409362,39.550404364567264
13.321243058039412,0.0,85.58197408037361,39.22574965991727
13.256303017109412,0.0,85.3223164166536,38.90110045526727
13.191358476179412,0.0,85.0626657529336,38.57645125061727
13.126413935249412,0.0,84.80302108921359,38.25179704596727
13.061469894319412,0.0,84.54336892549358,37.862197300387265
12.996525853389413,0.0,84.21878572084357,37.537540595737255
12.931581812459413,0.0,83.95913255712355,37.147944350157246
12.866637271529413,0.0,83.69947839340354,36.75834910457725
12.801697230599412,0.0,83.37489368875353,36.49863894085725
12.736757189669412,0.0,83.05030648410353,36.23892527713725
12.671812648739412,0.0,82.72571077945354,35.97920411341725
12.60687260780941,0.0,82.40110207480353,35.65455490876725
12.541928566879411,0.0,82.14141641108353,35.32989420411725
12.476984525949412,0.0,81.81680420643352,35.07017854039726
12.412040485019412,0.0,81.4921960017835,34.81046887667726
12.347100444089412,0.0,81.1675872971335,34.55075171295727
12.282160403159411,0.0,80.8429830924835,34.22609700830727
12.21722036222941,0.0,80.5183888878335,33.966372844587276
12.15228032129941,0.0,80.1938066831835,33.70665718086728
12.087340280369409,0.0,79.8692144785335,33.44693901714729
12.022400239439408,0.0,79.54462377388349,33.12228031249729
11.957455698509408,0.0,79.22004006923348,32.79762160784729
11.892516157579408,0.0,78.89545036458347,32.4729779031973
11.827576616649408,0.0,78.57084615993347,32.0834026576173
11.762636575719407,0.0,78.24624745528347,31.693823412037297
11.697696534789406,0.0,77.92165075063346,31.3042496664573
11.632751993859406,0.0,77.59705004598345,30.979608961807298
11.567812452929406,0.0,77.27244884133344,30.590033716227303
11.502872411999405,0.0,76.94784113668345,30.200465470647305
11.437932371069405,0.0,76.62324143203345,29.875831265997306
11.372992330139404,0.0,76.29865222738346,29.55119756134731
11.308048289209404,0.0,75.97405552273345,29.22656185669731
11.243108248279404,0.0,75.64945231808345,28.901929152047312
11.178168207349403,0.0,75.38977815436344,28.447420865537314
11.113228166419402,0.0,75.13010099064343,27.992918579027315
11.048284125489403,0.0,74.87042332692342,27.538411792517312
10.983344084559402,0.0,74.6107471632034,27.083917506007314
10.918404043629401,0.0,74.3510739994834,26.629425719497313
10.8534640026994,0.0,74.0914043357634,26.17493543298731
10.7885244617694,0.0,73.8317176720434,25.720452146477307
10.7235849208394,0.0,73.5720305083234,25.265971359967306
10.6586448799094,0.0,73.31234034460338,24.811487573457306
10.593704838979399,0.0,73.05265818088338,24.356991286947306
10.528764798049398,0.0,72.79298001716339,23.967436041367307
10.463825257119398,0.0,72.53330385344339,23.512939754857307
10.398880716189398,0.0,72.2736291897234,23.05843396834731
10.333936175259398,0.0,72.0139630260034,22.60392518183731
10.268991634329398,0.0,71.7542868622834,22.149417895327314
10.204051593399397,0.0,71.49462269856339,21.75984414974732
10.139112052469397,0.0,71.23496053484338,21.370270404167325
10.074167511539397,0.0,70.97530587112337,20.980691158587323
10.009223470609397,0.0,70.71564370740336,20.591112413007327
9.944279429679398,0.0,70.45598204368335,20.266478708357326
9.879334888749398,0.0,70.19632387996334,19.94184350370733
9.814388847819398,0.0,69.93666121624334,19.61720879905733
9.749442806889398,0.0,69.67699105252333,19.29257859440733
9.684501265959398,0.0,69.41732088880332,18.967946889757332
9.619561225029397,0.0,69.1576507250833,18.643315185107333
9.554621184099396,0.0,68.89797956136329,18.318690480457335
9.489679643169396,0.0,68.63830939764327,17.929115734877335
9.424738102239395,0.0,68.37863823392325,17.53953548929734
9.359792061309395,0.0,68.11897707020324,17.14995774371734
9.294847520379395,0.0,67.79439086555323,16.760372998137345
9.229907979449395,0.0,67.53472820183322,16.500661334417345
9.164968438519395,0.0,67.27506453811321,16.111080588837346
9.100028397589394,0.0,67.01539887439321,15.721503343257348
9.035088356659394,0.0,66.6907986697432,15.396868138607347
8.970148315729393,0.0,66.3661959650932,15.072226933957348
8.905203774799393,0.0,66.0415917604432,14.74758772930735
8.840263733869392,0.0,65.7169855557932,14.422944024657353
8.775324192939392,0.0,65.3923833511432,14.098297320007354
8.710384152009391,0.0,65.0677846464932,13.773646615357356
8.645444611079391,0.0,64.74318744184319,13.384065369777357
8.580500570149391,0.0,64.41859773719318,12.994484624197359
8.515556029219391,0.0,64.09402303254316,12.604903878617359
8.450611988289392,0.0,63.76944382789316,12.215325633037358
8.385667447359392,0.0,63.44485962324317,11.82574588745736
8.320723406429392,0.0,63.120269418593175,11.436171141877363
8.255783365499392,0.0,62.795680713943185,11.046586396297366
8.190843324569391,0.0,62.47109200929319,10.721930691647367
8.125898783639391,0.0,62.146501804643194,10.397278486997367
8.060952742709391,0.0,61.8219150999932,10.072617782347367
7.996006701779391,0.0,61.49732139534321,9.683027036767367
7.931062660849391,0.0,61.17273119069321,9.358384332117367
7.866118619919391,0.0,60.848144486043225,9.033751627467367
7.801170078989391,0.0,60.52355528139323,8.709110422817368
7.736221538059391,0.0,60.19895407674323,8.319546177237369
7.6712754971293915,0.0,59.874351872093236,7.92998193165737
7.606335456199392,0.0,59.54975166744324,7.540420686077369
7.541390915269392,0.0,59.22515796279323,7.2157949814273685
7.476446374339392,0.0,58.90055625814323,6.8911732767773675
7.411501833409392,0.0,58.57596555349323,6.566544072127367
7.346561792479392,0.0,58.251374848843234,6.2419213674773655
7.281621751549392,0.0,57.92678764419323,5.917300162827365
7.216680210619392,0.0,57.60218943954324,5.592675958177365
7.151736169689392,0.0,57.27760223489324,5.268054753527364
7.086792128759392,0.0,56.95301403024324,4.943430048877364
7.021844587829391,0.0,56.628419825593234,4.618802844227363
7.021844587829391,0.0,56.23891708001323,4.2941771395773625
7.021844587829391,0.0,55.84942033443323,3.9695464349273624
7.021844587829391,0.0,55.45992458885323,3.644914730277363
7.021844587829391,0.0,55.07041934327322,3.3202805256273633
7.021844587829391,0.0,54.680907097693215,2.9956478209773634
7.021844587829391,0.0,54.29138735211321,2.6710191163273636
7.021844587829391,0.0,53.90188010653321,2.346391411677364
7.021844587829391,0.0,53.51236536095321,2.0217677070273643
7.021844587829391,0.0,53.122851115373216,1.6971455023773643
7.021844587829391,0.0,52.73332686979321,1.3725197977273642
7.021844587829391,0.0,52.3437936242132,1.047889093077364
7.021844587829391,0.0,51.954270378633204,0.7232573884273641
7.021844587829391,0.0,51.5647366330532,0.398620183777364
7.021844587829391,0.0,51.1751898874732,0.009049938197363966
7.021844587829391,0.0,50.78563314189321,0.0
7.021844587829391,0.0,50.39608789631321,0.0
7.021844587829391,0.0,50.07147269166321,0.0
7.021844587829391,0.0,49.68192694608321,0.0
7.021844587829391,0.0,49.29238070050321,0.0
7.021844587829391,0.0,48.9028459549232,0.0
7.021844587829391,0.0,48.5133052093432,0.0
7.021844587829391,0.0,48.123768463763206,0.0
7.021844587829391,0.0,47.734228218183205,0.0
7.021844587829391,0.0,47.344693972603196,0.0
7.021844587829391,0.0,46.95516972702319,0.0
7.021844587829391,0.0,46.56564448144319,0.0
7.021844587829391,0.0,46.176129735863185,0.0
7.021844587829391,0.0,45.78661699028318,0.0
7.021844587829391,0.0,45.397105244703184,0.0
7.021844587829391,0.0,45.00759249912319,0.0
7.021844587829391,0.0,44.61810025354319,0.0
7.021844587829391,0.0,44.22861800796319,0.0
7.021844587829391,0.0,43.839140762383195,0.0
7.021844587829391,0.0,43.4496555168032,0.0
7.021844587829391,0.0,43.0601642712232,0.0
7.021844587829391,0.0,42.6706745256432,0.0
7.021844587829391,0.0,42.2811892800632,0.0
7.021844587829391,0.0,41.8917020344832,0.0
7.021844587829391,0.0,41.50221778890321,0.0
7.021844587829391,0.0,41.11273904332321,0.0
7.021844587829391,0.0,40.72324029774321,0.0
7.021844587829391,0.0,40.33374505216321,0.0
7.021844587829391,0.0,39.94424280658321,0.0
7.021844587829391,0.0,39.554732061003214,0.0
6.956897046899391,0.0,39.230138356353216,0.0
6.956897046899391,0.0,38.84061411077322,0.0
6.89195300596939,0.0,38.51601940612321,0.0
6.89195300596939,0.0,38.126508160543224,0.0
6.89195300596939,0.0,37.73700541496323,0.0
6.827004465039391,0.0,37.412426210313235,0.0
6.827004465039391,0.0,37.022921464733244,0.0
6.762055924109391,0.0,36.69834626008325,0.0
6.762055924109391,0.0,36.30883851450325,0.0
6.6971083831793905,0.0,35.984265809853255,0.0
6.6971083831793905,0.0,35.59476906427326,0.0
6.63216434224939,0.0,35.27018935962327,0.0
6.63216434224939,0.0,34.880680614043264,0.0
6.63216434224939,0.0,34.491172868463266,0.0
6.63216434224939,0.0,34.10166512288326,0.0
6.56722030131939,0.0,33.84200395916327,0.0
6.502276260389389,0.0,33.58234929544327,0.0
6.502276260389389,0.0,33.25778109079327,0.0
6.502276260389389,0.0,32.93320388614327,0.0
6.502276260389389,0.0,32.60862318149326,0.0
6.437332219459389,0.0,32.348949517773256,0.0
6.3723881785293885,0.0,32.089278854053255,0.0
6.3723881785293885,0.0,31.764673149403258,0.0
6.307444137599388,0.0,31.504997985683257,0.0
6.177552555739387,0.0,31.31025436289326,0.0
6.047656473879387,0.0,31.11550224010326,0.0
5.9827079329493875,0.0,30.855826576383265,0.0
5.917766392019388,0.0,30.596141412663265,0.0
5.852820351089388,0.0,30.336452248943267,0.0
5.722927769229388,0.0,30.141685126153266,0.0
5.593034187369388,0.0,29.946912003363266,0.0
5.463141605509388,0.0,29.75213388057327,0.0
5.398197564579387,0.0,29.49242221685327,0.0
5.2683059827193865,0.0,29.297645094063274,0.0
5.203357441789387,0.0,29.037942930343274,0.0
5.073461359929387,0.0,28.843167307553273,0.0
5.008512818999387,0.0,28.583459143833274,0.0
4.943564278069387,0.0,28.323753480113275,0.0
4.943564278069387,0.0,27.999122775463277,0.0
4.878620237139387,0.0,27.739433611743276,0.0
4.813676196209387,0.0,27.479745448023277,0.0
4.748732155279386,0.0,27.22005378430328,0.0
4.683786114349386,0.0,26.96036962058328,0.0
4.618844573419387,0.0,26.70067295686328,0.0
4.553904532489387,0.0,26.440982293143282,0.0
4.488959991559387,0.0,26.181285629423282,0.0
4.424018450629387,0.0,25.921579465703285,0.0
4.359076909699388,0.0,25.661868801983285,0.0
4.294135368769388,0.0,25.40216113826329,0.0
4.229190827839388,0.0,25.142446474543288,0.0
4.099302245979388,0.0,24.94765485175329,0.0
3.9694101641193873,0.0,24.75286372896329,0.0
3.839518082259387,0.0,24.493146065243295,0.0
3.7096350003993868,0.0,24.233416401523296,0.0
3.5148038776093866,0.0,24.038624278733298,0.0
3.3199752548193864,0.0,23.8438226559433,0.0
3.125149132029386,0.0,23.5840924922233,0.0
2.995265050169386,0.0,23.3243708285033,0.0
2.8004369273793857,0.0,23.064643164783302,0.0
2.6056168045893857,0.0,22.804926001063304,0.0
2.4107926817993857,0.0,22.545202837343304,0.0
2.1510215180793857,0.0,22.285478173623304,0.0
1.8912443543593858,0.0,22.025751009903303,0.0
1.6314631906393857,0.0,21.766013346183303,0.0
1.3716955269193858,0.0,21.506289182463302,0.0
1.1119273631993858,0.0,21.246558018743304,0.0
0.9171077404093858,0.0,20.986847855023303,0.0
0.7222871176193858,0.0,20.727130191303303,0.0
0.5274624948293857,0.0,20.467408527583306,0.0
0.3326333720393856,0.0,20.20768536386331,0.0
0.1378017492493855,0.0,19.94795570014331,0.0
0.007923667389385478,0.0,19.68824053642331,0.0
0.0,0.0,19.428519372703313,0.0
0.0,0.0,19.168789708983315,0.0
0.0,0.0,18.90906354526332,0.0
0.0,0.0,18.649347381543322,0.0
0.0,0.0,18.389644217823324,0.0
0.0,0.0,18.129947054103326,0.0
0.0,0.0,17.87023639038333,0.0
0.0,0.0,17.545608185733332,0.0
0.0,0.0,17.220984481083335,0.0
0.0,0.0,16.896368776433334,0.0
0.0,0.0,16.571745071783333,0.0
0.0,0.0,16.24713036713333,0.0
0.0,0.0,15.92251166248333,0.0
0.0,0.0,15.597911957833329,0.0
0.0,0.0,15.273309253183328,0.0
0.0,0.0,14.948699548533328,0.0
0.0,0.0,14.624086343883327,0.0
0.0,0.0,14.29946963923333,0.0
0.0,0.0,13.97485143458333,0.0
0.0,0.0,13.65023472993333,0.0
0.0,0.0,13.325615025283332,0.0
0.0,0.0,13.001015820633333,0.0
0.0,0.0,12.676408615983334,0.0
0.0,0.0,12.351790911333335,0.0
0.0,0.0,12.027174206683336,0.0
0.0,0.0,11.702559002033336,0.0
0.0,0.0,11.377960797383336,0.0
0.0,0.0,11.053356592733335,0.0
0.0,0.0,10.728752888083333,0.0
0.0,0.0,10.404153183433332,0.0
0.0,0.0,10.07955597878333,0.0
0.0,0.0,9.754955774133332,0.0
0.0,0.0,9.430355569483334,0.0
0.0,0.0,9.170671405763331,0.0
0.0,0.0,8.975914282973331,0.0
0.0,0.0,8.78115416018333,0.0
0.0,0.0,8.521470496463332,0.0
0.0,0.0,8.261797332743331,0.0
0.0,0.0,8.002113169023332,0.0
0.0,0.0,7.742423005303332,0.0
0.0,0.0,7.5476523825133315,0.0
0.0,0.0,7.287958718793331,0.0
0.0,0.0,7.0282785550733315,0.0
0.0,0.0,6.768605391353332,0.0
0.0,0.0,6.5089272276333325,0.0
0.0,0.0,6.249248063913333,0.0
0.0,0.0,6.054490941123333,0.0
0.0,0.0,5.859740318333334,0.0
0.0,0.0,5.664985195543334,0.0
0.0,0.0,5.470229072753335,0.0
0.0,0.0,5.275468449963335,0.0
0.0,0.0,5.080699827173335,0.0
0.0,0.0,4.821008163453336,0.0
0.0,0.0,4.626246540663336,0.0
0.0,0.0,4.431480917873337,0.0
0.0,0.0,4.236703795083337,0.0
0.0,0.0,4.041938172293338,0.0
0.0,0.0,3.782244508573338,0.0
0.0,0.0,3.522552344853338,0.0
0.0,0.0,3.262861181133338,0.0
0.0,0.0,3.0031675174133383,0.0
0.0,0.0,2.8084088946233385,0.0
0.0,0.0,2.613644771833339,0.0
0.0,0.0,2.3539576081133387,0.0
0.0,0.0,2.0942744443933385,0.0
0.0,0.0,1.8345897806733384,0.0
0.0,0.0,1.5749121169533384,0.0
0.0,0.0,1.3801654941633383,0.0
0.0,0.0,1.1854113713733383,0.0
0.0,0.0,0.9906532485833384,0.0
0.0,0.0,0.7309575848633382,0.0
0.0,0.0,0.47126092114333795,0.0
0.0,0.0,0.2115672574233379,0.0
0.0,0.0,0.0,0.0
0.0,0.0,0.0,0.0
0.0,0.0,0.0,0.0
0.0,0.0,0.0,0.0
0.0,0.0,0.0,0.0
0.0,0.0,0.0,0.0
0.0,0.0,0.0,0.0
0.0,0.0,0.0,0.0
0.0,0.0,0.0,0.0
0.0,0.0,0.0,0.0
0.0,0.0,0.0,0.0
0.0,0.0,0.0,0.0
0.0,0.0,0.0,0.0
0.0,0.0,0.0,0.0
0.0,0.0,0.0,0.0
0.0,0.0,0.0,0.0
0.0,0.0,0.0,0.0
0.0,0.0,0.0,0.0
0.0,0.0,0.0,0.0
0.0,0.0,0.0,0.0
0.0,0.0,0.0,0.0
0.0,0.0,0.0,0.0
0.0,0.0,0.0,0.0
0.0,0.0,0.0,0.0
0.0,0.0,0.0,0.0
0.0,0.0,0.0,0.0
0.0,0.0,0.0,0.0
0.0,0.0,0.0,0.0
0.0,0.0,0.0,0.0
0.0,0.0,0.0,0.0
0.0,0.0,0.0,0.0
0.0,0.0,0.0,0.0
0.0,0.0,0.0,0.0
0.0,0.0,0.0,0.0
0.0,0.0,0.0,0.0
0.0,0.0,0.0,0.0
0.0,0.0,0.0,0.0
0.0,0.0,0.0,0.0
0.0,0.0,0.0,0.0
0.0,0.0,0.0,0.0
0.0,0.0,0.0,0.0
0.0,0.0,0.0,0.0
0.0,0.0,0.0,0.0
0.0,0.0,0.0,0.0
0.0,0.0,0.0,0.0
0.0,0.0,0.0,0.0
0.0,0.0,0.0,0.0
0.0,0.0,0.0,0.0
0.0,0.0,0.0,0.0
0.0,0.0,0.0,0.0
0.0,0.0,0.0,0.0
0.0,0.0,0.0,0.0
0.0,0.0,0.0,0.0
0.0,0.0,0.0,0.0
0.0,0.0,0.0,0.0
0.0,0.0,0.0,0.0
0.0,0.0,0.0,0.0
0.0,0.0,0.0,0.0
0.0,0.0,0.0,0.0
0.0,0.0,0.0,0.0
0.0,0.0,0.0,0.0
0.0,0.0,0.0,0.0
0.0,0.0,0.0,0.0
0.0,0.0,0.0,0.0
0.0,0.0,0.0,0.0
0.0,0.0,0.0,0.0
0.0,0.0,0.0,0.0
0.0,0.0,0.0,0.0
0.0,0.0,0.0,0.0
0.0,0.0,0.0,0.0
0.0,0.0,0.0,0.0
0.0,0.0,0.0,0.0
0.0,0.0,0.0,0.0
0.0,0.0,0.0,0.0
0.0,0.0,0.0,0.0
0.0,0.0,0.0,0.0
0.0,0.0,0.0,0.0
0.0,0.0,0.0,0.0
0.0,0.0,0.0,0.0
0.0,0.0,0.0,0.0
0.0,0.0,0.0,0.0
0.0,0.0,0.0,0.0
0.0,0.0,0.0,0.0
0.0,0.0,0.0,0.0
0.0,0.0,0.0,0.0
0.0,0.0,0.0,0.0
0.0,0.0,0.0,0.0
0.0,0.0,0.0,0.0
0.0,0.0,0.0,0.0
0.0,0.0,0.0,0.0
0.0,0.0,0.0,0.0
0.0,0.0,0.0,0.0
0.0,0.0,0.0,0.0
0.0,0.0,0.0,0.0
0.0,0.0,0.0,0.0
0.0,0.0,0.0,0.0
0.0,0.0,0.0,0.0
0.0,0.0,0.0,0.0
0.0,0.0,0.0,0.0
0.0,0.0,0.0,0.0
0.0,0.0,0.0,0.0
0.0,0.0,0.0,0.0
0.0,0.0,0.0,0.0
0.0,0.0,0.0,0.0
0.0,0.0,0.0,0.0
0.0,0.0,0.0,0.0
0.0,0.0,0.0,0.0
0.0,0.0,0.0,0.0
0.0,0.0,0.0,0.0
0.0,0.0,0.0,0.0
0.0,0.0,0.0,0.0
0.0,0.0,0.0,0.0
0.0,0.0,0.0,0.0
0.0,0.0,0.0,0.0
0.0,0.0,0.0,0.0
0.0,0.0,0.0,0.0
0.0,0.0,0.0,0.0
0.0,0.0,0.0,0.0
0.0,0.0,0.0,0.0
0.0,0.0,0.0,0.0
0.0,0.0,0.0,0.0
0.0,0.0,0.0,0.0
0.0,0.0,0.0,0.0
0.0,0.0,0.0,0.0
0.0,0.0,0.0,0.0
0.0,0.0,0.0,0.0
0.0,0.0,0.0,0.0
0.0,0.0,0.0,0.0
0.0,0.0,0.0,0.0
0.0,0.0,0.0,0.0
0.0,0.0,0.0,0.0
0.0,0.0,0.0,0.0
0.0,0.0,0.0,0.0
0.0,0.0,0.0,0.0
0.0,0.0,0.0,0.0
0.0,0.0,0.0,0.0
0.0,0.0,0.0,0.0
0.0,0.0,0.0,0.0
0.0,0.0,0.0,0.0
0.0,0.0,0.0,0.0
0.0,0.0,0.0,0.0
0.0,0.0,0.0,0.0
0.0,0.0,0.0,0.0
0.0,0.0,0.0,0.0
0.0,0.0,0.0,0.0
0.0,0.0,0.0,0.0
0.0,0.0,0.0,0.0
0.0,0.0,0.0,0.0
0.0,0.0,0.0,0.0
0.0,0.0,0.0,0.0
0.0,0.0,0.0,0.0
0.0,0.0,0.0,0.0
0.0,0.0,0.0,0.0
0.0,0.0,0.0,0.0
0.0,0.0,0.0,0.0
0.0,0.0,0.0,0.0
0.0,0.0,0.0,0.0
0.0,0.0,0.0,0.0
0.0,0.0,0.0,0.0
0.0,0.0,0.0,0.0
0.0,0.0,0.0,0.0
0.0,0.0,0.0,0.0
0.0,0.0,0.0,0.0
0.0,0.0,0.0,0.0
0.0,0.0,0.0,0.0
0.0,0.0,0.0,0.0
0.0,0.0,0.0,0.0
0.0,0.0,0.0,0.0
0.0,0.0,0.0,0.0
0.0,0.0,0.0,0.0
0.0,0.0,0.0,0.0
0.0,0.0,0.0,0.0
0.0,0.0,0.0,0.0
0.0,0.0,0.0,0.0
0.0,0.0,0.0,0.0
0.0,0.0,0.0,0.0
0.0,0.0,0.0,0.0
0.0,0.0,0.0,0.0
0.0,0.0,0.0,0.0
0.0,0.0,0.0,0.0
19.079568959504964,10.858076957028121,39.09714811991264,62.96209710315132
19.014634918574963,10.663310334238123,38.902394497122636,62.572524357571325
18.949701377644963,10.468547211448122,38.707639374332636,62.182955111991326
18.88476733671496,10.208848047728123,38.512882751542634,61.85831640734133
18.75488725485496,9.949150384008124,38.383055169682635,61.53367520269133
18.625010172994962,9.689457220288125,38.25322058782263,61.20903349804133
18.495131591134964,9.429755056568126,38.12338300596263,60.884395793391334
18.300308968344964,9.10511535191813,38.05846646503263,60.62470312967133
18.170430386484966,8.910349729128129,37.86369484224262,60.30006792502133
18.040547804624964,8.78051164726813,37.73385626038262,59.84556063851132
17.910665222764962,8.650674065408129,37.604017678522624,59.391052352001324
17.780784140904963,8.455909942618128,37.47418059666263,59.00147110642133
17.585961018114965,8.196211778898126,37.409256555732625,58.67681990177132
17.326196354394966,8.001445656108126,37.409256555732625,58.28723715619131
17.066426190674967,7.676814451458126,37.409256555732625,58.02752549247131
16.806660526954968,7.4171177877381265,37.409256555732625,57.702878287821314
16.546893363234965,7.157421124018127,37.409256555732625,57.37823908317131
16.287134199514963,6.962657001228127,37.409256555732625,56.98866033759131
16.02737803579496,6.702966337508126,37.409256555732625,56.664015132941316
15.767618872074959,6.508202214718127,37.409256555732625,56.27442938736132
15.507851708354957,6.248503550998127,37.409256555732625,55.94977568271133
15.248092544634957,5.858943305418127,37.409256555732625,55.75499305992134
14.988327880914957,5.534317100768128,37.409256555732625,55.495271896201345
14.728563217194957,5.209680896118129,37.409256555732625,55.23556373248135
14.468798053474956,4.885042691468129,37.409256555732625,54.975847068761354
14.209028889754954,4.56041898681813,37.409256555732625,54.716124405041356
13.949256226034953,4.23578978216813,37.409256555732625,54.45640174132136
13.689482062314951,3.9111580775181305,37.409256555732625,54.19668107760136
13.42970939859495,3.586525372868131,37.409256555732625,53.93696941388137
13.23488327580495,3.326836209148131,37.409256555732625,53.547379168301376
13.04006165301495,3.0671485454281306,37.409256555732625,53.15779042272138
12.84524953022495,2.7425323407781304,37.409256555732625,52.83313071807139
12.650442407434948,2.35298359519813,37.409256555732625,52.57340505435139
12.455627784644946,1.9634463496181298,37.409256555732625,52.31367189063139
12.260820161854946,1.5739131040381298,37.409256555732625,52.0539462269114
12.130948079994946,1.1843833584581298,37.34433551480262,51.7942235631914
11.936129957204946,0.8597811538081297,37.34433551480262,51.469570358541404
11.741314334414946,0.5351694491581297,37.34433551480262,51.144920153891405
11.611437752554947,0.2105622445081296,37.279414973872626,50.8202769492414
11.416618629764947,0.0,37.279414973872626,50.4956307445914
11.286742047904948,0.0,37.21448693294263,50.2359080808714
11.156860466044948,0.0,37.14956639201263,49.9761774171514
10.962035343254948,0.0,37.14956639201263,49.781382794361406
10.832154261394948,0.0,37.08464535108263,49.586580171571406
10.702272179534948,0.0,37.01972881015263,49.32684300785141
10.572391097674947,0.0,36.954807769222626,49.132042885061416
10.507458556744947,0.0,36.82496318736263,48.80738318041142
10.377577974884947,0.0,36.76004864643263,48.482717475761426
10.312643933954947,0.0,36.63020406457263,48.09312173018143
10.182762852094946,0.0,36.565283523642634,47.768456525531434
10.052880270234946,0.0,36.500366982712634,47.50872436181144
9.922998688374946,0.0,36.43544644178264,47.31392423902144
9.858064647444946,0.0,36.305608859922636,47.054187075301435
9.728184565584947,0.0,36.24068081899264,46.85938895251144
9.663246524654946,0.0,36.110831737132635,46.664582829721446
9.468413901864945,0.0,36.110831737132635,46.469776706931455
9.338532320004944,0.0,36.04591119620264,46.21003254321146
9.208650738144943,0.0,35.98099065527264,45.950293379491455
9.078774156284942,0.0,35.91607411434264,45.755496756701454
8.948890074424941,0.0,35.851153573412645,45.560710133911456
8.818998492564942,0.0,35.78623253248264,45.300985970191455
8.689106910704943,0.0,35.72131149155264,45.041267306471454
8.559219328844943,0.0,35.65639495062264,44.781553642751454
8.429330746984942,0.0,35.591474409692644,44.45690793810145
8.29944916512494,0.0,35.52655386876265,44.132261233451445
8.10462354233494,0.0,35.52655386876265,43.80762102880144
7.974741960474939,0.0,35.461632827832645,43.54791286508144
7.84486187861494,0.0,35.39671228690265,43.28820620136144
7.65003425582494,0.0,35.39671228690265,43.02850353764144
7.45520163303494,0.0,35.39671228690265,42.76879387392144
7.26037601024494,0.0,35.39671228690265,42.44415466927144
7.06555488745494,0.0,35.39671228690265,42.05458442369144
6.870726764664941,0.0,35.39671228690265,41.66501267811143
6.675887641874941,0.0,35.39671228690265,41.275446432531425
6.481055519084942,0.0,35.39671228690265,40.950819227881425
6.2862278962949425,0.0,35.39671228690265,40.62619002323142
6.091396273504943,0.0,35.39671228690265,40.36648535951142
5.896564150714943,0.0,35.39671228690265,40.10678319579142
5.701733527924944,0.0,35.39671228690265,39.782143491141426
5.506898405134944,0.0,35.39671228690265,39.52244332742143
5.312063282344944,0.0,35.39671228690265,39.262740663701436
5.1172351595549435,0.0,35.39671228690265,38.938105959051434
4.922396536764944,0.0,35.39671228690265,38.54853321347144
4.727570413974944,0.0,35.39671228690265,38.22389600882144
4.532744291184945,0.0,35.39671228690265,37.89925280417145
4.337913668394945,0.0,35.39671228690265,37.574618099521444
4.143088545604945,0.0,35.39671228690265,37.18504985394144
3.9482564228149446,0.0,35.39671228690265,36.795475108361444
3.7534218000249444,0.0,35.39671228690265,36.470830903711445
3.5585916772349444,0.0,35.39671228690265,36.21113273999144
3.363759054444944,0.0,35.39671228690265,35.88650303534144
3.168924431654944,0.0,35.39671228690265,35.56187283069144
2.974095808864944,0.0,35.39671228690265,35.237236626041444
2.779264186074944,0.0,35.39671228690265,34.91260142139145
2.5844370632849434,0.0,35.39671228690265,34.58795521674145
2.389606940494943,0.0,35.39671228690265,34.263305512091456
2.194783317704943,0.0,35.331779745972646,33.93867130744145
1.9999601949149428,0.0,35.266847205042644,33.61403560279145
1.8051315721249428,0.0,35.20191466411264,33.224465857211456
1.6103029493349428,0.0,35.20191466411264,32.769961070701456
1.4154698265449428,0.0,35.20191466411264,32.380394825121456
1.2206397037549428,0.0,35.20191466411264,31.990836079541463
1.0258090809649427,0.0,35.20191466411264,31.60128333396146
0.8309874581749426,0.0,35.20191466411264,31.21172858838146
0.6361633353849424,0.0,35.20191466411264,30.82218384280146
0.4413287125949424,0.0,35.20191466411264,30.43263609722146
0.24649608980494236,0.0,35.20191466411264,30.04308235164146
0.05166846701494228,0.0,35.20191466411264,29.65352810606146
0.0,0.0,35.20191466411264,29.199039819551466
0.0,0.0,35.20191466411264,28.809499073971462
0.0,0.0,35.20191466411264,28.41995882839146
0.0,0.0,35.20191466411264,28.095340123741458
0.0,0.0,35.20191466411264,27.770728419091455
0.0,0.0,35.20191466411264,27.44611821444145
0.0,0.0,35.20191466411264,27.121511009791448
0.0,0.0,35.20191466411264,26.796906805141443
0.0,0.0,35.20191466411264,26.47230410049144
0.0,0.0,35.20191466411264,26.14769639584144
0.0,0.0,35.20191466411264,25.823091191191438
0.0,0.0,35.20191466411264,25.498488986541435
0.0,0.0,35.20191466411264,25.173885781891435
0.0,0.0,35.20191466411264,24.849282077241433
0.0,0.0,35.20191466411264,24.52467187259143
0.0,0.0,35.20191466411264,24.20005816794143
0.0,0.0,35.20191466411264,23.87544396329143
0.0,0.0,35.20191466411264,23.550833758641428
0.0,0.0,35.13698662318264,23.226228553991426
0.0,0.0,35.13698662318264,22.901626349341424
0.0,0.0,35.13698662318264,22.577018144691422
0.0,0.0,35.13698662318264,22.252410440041423
0.0,0.0,35.13698662318264,21.86286619446142
0.0,0.0,35.13698662318264,21.538260489811417
0.0,0.0,35.13698662318264,21.213655285161416
0.0,0.0,35.13698662318264,20.824103039581413
0.0,0.0,35.13698662318264,20.499492834931416
0.0,0.0,35.13698662318264,20.174880630281418
0.0,0.0,35.13698662318264,19.850264925631418
0.0,0.0,35.13698662318264,19.525647720981418
0.0,0.0,35.072058582252644,19.201036016331415
0.0,0.0,35.072058582252644,18.876422311681416
0.0,0.0,35.072058582252644,18.551806607031416
0.0,0.0,35.007130541322645,18.227180402381414
0.0,0.0,35.007130541322645,17.967483238661416
0.0,0.0,35.007130541322645,17.70778807494142
0.0,0.0,34.94220950039264,17.448089911221423
0.0,0.0,34.87729145946264,17.253324788431424
0.0,0.0,34.81237691853264,17.058561165641425
0.0,0.0,34.747462377602645,16.863793542851422
0.0,0.0,34.68254433667264,16.669025420061423
0.0,0.0,34.55268925481264,16.474250297271425
0.0,0.0,34.42283417295264,16.279474674481424
0.0,0.0,34.29299109109264,16.084696551691426
0.0,0.0,34.16314350923263,15.889919928901428
0.0,0.0,33.96836638644263,15.695143306111428
0.0,0.0,33.83851730458263,15.500368183321427
0.0,0.0,33.773596763652634,15.305595560531428
0.0,0.0,33.70867622272264,15.110825437741429
0.0,0.0,33.578835140862644,14.916050314951429
0.0,0.0,33.448993559002645,14.721276692161428
0.0,0.0,33.31915097714265,14.526503069371428
0.0,0.0,33.124377354352646,14.331726446581428
0.0,0.0,32.92960373156264,14.136949823791428
0.0,0.0,32.73483010877264,13.877237660071428
0.0,0.0,32.54006348598264,13.682461537281428
0.0,0.0,32.34529836319264,13.48768941449143
0.0,0.0,32.15053874040264,13.22798675077143
0.0,0.0,31.955779117612636,12.968285587051431
0.0,0.0,31.761020994822637,12.708586423331433
0.0,0.0,31.56626137203264,12.513819800541432
0.0,0.0,31.37149574924264,12.319050177751432
0.0,0.0,31.24166866738264,12.124283554961432
0.0,0.0,31.11184008552264,11.929515432171431
0.0,0.0,30.98201300366264,11.734747309381431
0.0,0.0,30.85218792180264,11.539981186591433
0.0,0.0,30.722360339942636,11.345213063801433
0.0,0.0,30.592530758082635,11.150447941011434
0.0,0.0,30.462698176222634,10.955681318221435
0.0,0.0,30.332862094362635,10.760910195431435
0.0,0.0,30.203025012502636,10.566138072641436
0.0,0.0,30.073185930642637,10.371365949851436
0.0,0.0,30.008265389712637,10.176596327061436
0.0,0.0,29.87842630785264,9.981823704271434
0.0,0.0,29.74858272599264,9.787053081481435
0.0,0.0,29.683661685062642,9.592282458691436
0.0,0.0,29.553823103202642,9.397512335901437
0.0,0.0,29.488905062272643,9.202738213111438
0.0,0.0,29.423990521342642,8.943033549391439
0.0,0.0,29.29415493948264,8.683340385671439
0.0,0.0,29.22924039855264,8.42364472195144
0.0,0.0,29.16432585762264,8.163950558231441
0.0,0.0,29.09940781669264,7.9042573945114425
0.0,0.0,29.03448677576264,7.644564230791442
0.0,0.0,28.96956623483264,7.319924026141441
0.0,0.0,28.90464569390264,6.99528682149144
0.0,0.0,28.83972515297264,6.670649616841439
0.0,0.0,28.77480861204264,6.41094745312144
0.0,0.0,28.709887571112642,6.08631724847144
0.0,0.0,28.644959530182643,5.89155412568144
0.0,0.0,28.580031489252644,5.69679400289144
0.0,0.0,28.515108948322645,5.43709983917144
0.0,0.0,28.450186407392646,5.1774121754514395
0.0,0.0,28.385268366462647,4.852784470801439
0.0,0.0,28.320350325532647,4.59309030708144
0.0,0.0,28.190514743672647,4.2684636024314395
0.0,0.0,28.06067566181265,3.9438348977814384
0.0,0.0,27.99575762088265,3.6191946931314387
0.0,0.0,27.86591853902265,3.2945484884814387
0.0,0.0,27.80100199809265,3.034838824761439
0.0,0.0,27.736080957162653,2.7102056201114393
0.0,0.0,27.736080957162653,2.385570415461439
0.0,0.0,27.671164416232653,2.060930710811439
0.0,0.0,27.606247875302653,1.736288506161439
0.0,0.0,27.476404793442654,1.4116388015114392
0.0,0.0,27.411488252512655,1.0869925968614391
0.0,0.0,27.346571711582655,0.8272769331414391
0.0,0.0,27.281651170652655,0.567570769421439
0.0,0.0,27.216730129722656,0.30786310570143893
0.0,0.0,27.216730129722656,0.04815544198143887
0.0,0.0,27.151797588792657,0.0
0.0,0.0,27.151797588792657,0.0
0.0,0.0,27.151797588792657,0.0
0.0,0.0,27.151797588792657,0.0
0.0,0.0,27.086877047862657,0.0
0.0,0.0,27.021960506932658,0.0
0.0,0.0,26.95703796600266,0.0
0.0,0.0,26.89211542507266,0.0
0.0,0.0,26.82719288414266,0.0
0.0,0.0,26.762276343212662,0.0
0.0,0.0,26.697358302282662,0.0
0.0,0.0,26.632437261352663,0.0
0.0,0.0,26.567514720422665,0.0
0.0,0.0,26.502592179492666,0.0
0.0,0.0,26.437674138562667,0.0
0.0,0.0,26.372751597632668,0.0
0.0,0.0,26.30782905670267,0.0
0.0,0.0,26.24290651577267,0.0
0.0,0.0,26.17798397484267,0.0
0.0,0.0,26.113061433912673,0.0
0.0,0.0,26.113061433912673,0.0
0.0,0.0,26.113061433912673,0.0
0.0,0.0,26.113061433912673,0.0
0.0,0.0,26.048138892982674,0.0
0.0,0.0,25.983216352052676,0.0
0.0,0.0,25.918293811122677,0.0
0.0,0.0,25.853377270192677,0.0
0.0,0.0,25.78845472926268,0.0
0.0,0.0,25.72352668833268,0.0
0.0,0.0,25.65860414740268,0.0
0.0,0.0,25.59367610647268,0.0
0.0,0.0,25.528748065542683,0.0
0.0,0.0,25.463820024612684,0.0
0.0,0.0,25.463820024612684,0.0
0.0,0.0,25.333971442752684,0.0
0.0,0.0,25.204126860892686,0.0
0.0,0.0,25.074287779032687,0.0
0.0,0.0,24.944436697172687,0.0
0.0,0.0,24.879508656242688,0.0
0.0,0.0,24.68472953345269,0.0
0.0,0.0,24.61981299252269,0.0
0.0,0.0,24.55489845159269,0.0
0.0,0.0,24.425055369732686,0.0
0.0,0.0,24.295208287872686,0.0
0.0,0.0,24.165357206012686,0.0
0.0,0.0,24.035507624152686,0.0
0.0,0.0,23.970589583222687,0.0
0.0,0.0,23.905671542292687,0.0
0.0,0.0,23.840758501362686,0.0
0.0,0.0,23.710928419502686,0.0
0.0,0.0,23.516168796712684,0.0
0.0,0.0,23.321410173922683,0.0
0.0,0.0,23.061716010202684,0.0
0.0,0.0,22.80204134648268,0.0
0.0,0.0,22.54236518276268,0.0
0.0,0.0,22.28267801904268,0.0
0.0,0.0,22.022993355322683,0.0
0.0,0.0,21.763313691602683,0.0
0.0,0.0,21.503615027882685,0.0
0.0,0.0,21.243916364162686,0.0
0.0,0.0,21.114062782302685,0.0
0.0,0.0,20.984196700442688,0.0
0.0,0.0,20.85433061858269,0.0
0.0,0.0,20.724466036722692,0.0
0.0,0.0,20.529675913932696,0.0
0.0,0.0,20.3348862911427,0.0
0.0,0.0,20.2699382502127,0.0
0.0,0.0,20.1400696683527,0.0
0.0,0.0,20.010200586492704,0.0
0.0,0.0,19.945260045562705,0.0
0.0,0.0,19.880319504632705,0.0
0.0,0.0,19.750457922772707,0.0
0.0,0.0,19.62059634091271,0.0
0.0,0.0,19.55565579998271,0.0
0.0,0.0,19.42579271812271,0.0
0.0,0.0,19.295931136262713,0.0
0.0,0.0,19.230990595332713,0.0
0.0,0.0,19.166050054402714,0.0
0.0,0.0,19.036181472542715,0.0
0.0,0.0,18.906312890682717,0.0
0.0,0.0,18.841372349752717,0.0
0.0,0.0,18.776441808822717,0.0
0.0,0.0,18.711511267892718,0.0
0.0,0.0,18.646582726962716,0.0
0.0,0.0,18.581652186032716,0.0
0.0,0.0,18.516724145102717,0.0
0.0,0.0,18.451797604172718,0.0
0.0,0.0,18.38686506324272,0.0
0.0,0.0,18.32192452231272,0.0
0.0,0.0,18.192059940452722,0.0
0.0,0.0,18.062206858592724,0.0
0.0,0.0,17.932353776732725,0.0
0.0,0.0,17.802489194872727,0.0
0.0,0.0,17.67262461301273,0.0
0.0,0.0,17.54276753115273,0.0
0.0,0.0,17.47784099022273,0.0
0.0,0.0,17.412918449292732,0.0
0.0,0.0,17.347987908362732,0.0
0.0,0.0,17.283057367432733,0.0
0.0,0.0,17.21812882650273,0.0
0.0,0.0,17.08827624464273,0.0
0.0,0.0,16.958431662782733,0.0
0.0,0.0,16.828583580922736,0.0
0.0,0.0,16.698730999062736,0.0
0.0,0.0,16.568878417202736,0.0
0.0,0.0,16.439033835342737,0.0
0.0,0.0,16.30918925348274,0.0
0.0,0.0,16.17934467162274,0.0
0.0,0.0,16.04950008976274,0.0
0.0,0.0,15.919657007902742,0.0
0.0,0.0,15.854740466972743,0.0
0.0,0.0,15.724895385112744,0.0
0.0,0.0,15.595053803252744,0.0
0.0,0.0,15.465212221392745,0.0
0.0,0.0,15.335375139532745,0.0
0.0,0.0,15.205534057672747,0.0
0.0,0.0,15.075682975812747,0.0
0.0,0.0,14.880903353022747,0.0
0.0,0.0,14.686139230232747,0.0
0.0,0.0,14.491369607442747,0.0
0.0,0.0,14.296605484652748,0.0
0.0,0.0,14.101835861862748,0.0
0.0,0.0,13.907066239072748,0.0
0.0,0.0,13.71229111628275,0.0
0.0,0.0,13.58245253442275,0.0
0.0,0.0,13.45261895256275,0.0
0.0,0.0,13.32278837070275,0.0
0.0,0.0,13.192951788842748,0.0
0.0,0.0,13.063115206982747,0.0
0.0,0.0,12.933282625122747,0.0
0.0,0.0,12.803441543262748,0.0
0.0,0.0,12.60867342047275,0.0
0.0,0.0,12.47883383861275,0.0
0.0,0.0,12.348992756752752,0.0
0.0,0.0,12.219150174892752,0.0
0.0,0.0,12.089310593032753,0.0
0.0,0.0,11.959472011172753,0.0
0.0,0.0,11.829637429312752,0.0
0.0,0.0,11.699801347452752,0.0
0.0,0.0,11.56996826559275,0.0
0.0,0.0,11.37521264280275,0.0
0.0,0.0,11.24537456094275,0.0
0.0,0.0,11.05060993815275,0.0
0.0,0.0,10.85583881536275,0.0
0.0,0.0,10.59615315164275,0.0
0.0,0.0,10.401395528852749,0.0
0.0,0.0,10.20663590606275,0.0
0.0,0.0,9.94695974234275,0.0
0.0,0.0,9.622358537692751,0.0
0.0,0.0,9.297767833042752,0.0
0.0,0.0,9.038096169322753,0.0
0.0,0.0,8.843349046532753,0.0
0.0,0.0,8.518748341882752,0.0
0.0,0.0,8.194154637232751,0.0
0.0,0.0,7.869562432582752,0.0
0.0,0.0,7.544976727932752,0.0
0.0,0.0,7.220398023282752,0.0
0.0,0.0,6.8958218186327525,0.0
0.0,0.0,6.5712471139827535,0.0
0.0,0.0,6.181750368402753,0.0
0.0,0.0,5.792256122822753,0.0
0.0,0.0,5.4027673772427525,0.0
0.0,0.0,5.078199672592752,0.0
0.0,0.0,4.753638467942752,0.0
0.0,0.0,4.429070263292751,0.0
0.0,0.0,4.104492058642751,0.0
0.0,0.0,3.779912853992751,0.0
0.0,0.0,3.390411108412751,0.0
0.0,0.0,3.0658304037627513,0.0
0.0,0.0,2.8061747400427515,0.0
0.0,0.0,2.5465150763227515,0.0
0.0,0.0,2.2219353716727515,0.0
0.0,0.0,1.8973506670227513,0.0
0.0,0.0,1.572759962372751,0.0
0.0,0.0,1.1832407167927508,0.0
0.0,0.0,0.7937164712127506,0.0
0.0,0.0,0.4691137665627506,0.0
0.0,0.0,0.1445120619127505,0.0
0.0,0.0,0.0,0.0
0.0,0.0,0.0,0.0
0.0,0.0,0.0,0.0
0.0,0.0,0.0,0.0
0.0,0.0,0.0,0.0
0.0,0.0,0.0,0.0
0.0,0.0,0.0,0.0
0.0,0.0,0.0,0.0
0.0,0.0,0.0,0.0
0.0,0.0,0.0,0.0
0.0,0.0,0.0,0.0
0.0,0.0,0.0,0.0
0.0,0.0,0.0,0.0
0.0,0.0,0.0,0.0
0.0,0.0,0.0,0.0
0.0,0.0,0.0,0.0
0.0,0.0,0.0,0.0
0.0,0.0,0.0,0.0
0.0,0.0,0.0,0.0
0.0,0.0,0.0,0.0
0.0,0.0,0.0,0.0
0.0,0.0,0.0,0.0
0.0,0.0,0.0,0.0
0.0,0.0,0.0,0.0
0.0,0.0,0.0,0.0
0.0,0.0,0.0,0.0
0.0,0.0,0.0,0.0
0.0,0.0,0.0,0.0
0.0,0.0,0.0,0.0
0.0,0.0,0.0,0.0
0.0,0.0,0.0,0.0
0.0,0.0,0.0,0.0
0.0,0.0,0.0,0.0
0.0,0.0,0.0,0.0
0.0,0.0,0.0,0.0
0.0,0.0,0.0,0.0
0.0,0.0,0.0,0.0
0.0,0.0,0.0,0.0
0.0,0.0,0.0,0.0
0.0,0.0,0.0,0.0
0.0,0.0,0.0,0.0
0.0,0.0,0.0,0.0
0.0,0.0,0.0,0.0
0.0,0.0,0.0,0.0
0.0,0.0,0.0,0.0
0.0,0.0,0.0,0.0
0.0,0.0,0.0,0.0
0.0,0.0,0.0,0.0
0.0,0.0,0.0,0.0
0.0,0.0,0.0,0.0
0.0,0.0,0.0,0.0
0.0,0.0,0.0,0.0
0.0,0.0,0.0,0.0
0.0,0.0,0.0,0.0
0.0,0.0,0.0,0.0
0.0,0.0,0.0,0.0
0.0,0.0,0.0,0.0
0.0,0.0,0.0,0.0
0.0,0.0,0.0,0.0
0.0,0.0,0.0,0.0
0.0,0.0,0.0,0.0
0.0,0.0,0.0,0.0
0.0,0.0,0.0,0.0
0.0,0.0,0.0,0.0
0.0,0.0,0.0,0.0
0.0,0.0,0.0,0.0
0.0,0.0,0.0,0.0
0.0,0.0,0.0,0.0
0.0,0.0,0.0,0.0
0.0,0.0,0.0,0.0
0.0,0.0,0.0,0.0
0.0,0.0,0.0,0.0
0.0,0.0,0.0,0.0
0.0,0.0,0.0,0.0
0.0,0.0,0.0,0.0
0.0,0.0,0.0,0.0
0.0,0.0,0.0,0.0
0.0,0.0,0.0,0.0
0.0,0.0,0.0,0.0
0.0,0.0,0.0,0.0
0.0,0.0,0.0,0.0
0.0,0.0,0.0,0.0
0.0,0.0,0.0,0.0
0.0,0.0,0.0,0.0
0.0,0.0,0.0,0.0
0.0,0.0,0.0,0.0
0.0,0.0,0.0,0.0
0.0,0.0,0.0,0.0
0.0,0.0,0.0,0.0
0.0,0.0,0.0,0.0
0.0,0.0,0.0,0.0
0.0,0.0,0.0,0.0
0.0,0.0,0.0,0.0
0.0,0.0,0.0,0.0
0.0,0.0,0.0,0.0
0.0,0.0,0.0,0.0
0.0,0.0,0.0,0.0
0.0,0.0,0.0,0.0
0.0,0.0,0.0,0.0
0.0,0.0,0.0,0.0
0.0,0.0,0.0,0.0
0.0,0.0,0.0,0.0
0.0,0.0,0.0,0.0
0.0,0.0,0.0,0.0
85.18175853262089,23.84357709874788,93.78311258603127,49.98978019973159
84.92198486890089,23.71372851688788,93.58835346324126,49.73006753601159
84.66220420518088,23.58388343502788,93.39359584045127,49.470352872291585
84.46737108239088,23.38910881223788,93.13390717673126,49.275577749501586
84.33748650053089,23.12940064851788,92.93915805394126,49.01586558578159
84.1426608777409,22.93462202572788,92.74441393115126,48.7561549220616
84.0127807958809,22.67491736200788,92.54966980836126,48.496444758341596
83.8829012140209,22.415215698287877,92.35491468557126,48.2367370946216
83.68807659123091,22.22043907549788,92.16015906278126,47.97702943090161
83.55819650937092,21.895813370847875,91.96540243999127,47.782256308111606
83.36336788658092,21.571173666197875,91.83555885813126,47.5874831853216
83.10359072286091,21.376400043407877,91.70571577627126,47.3277680216016
82.84382505914093,21.116699379687876,91.57586719441126,47.13298739881159
82.64900093635093,20.857000715967878,91.44601661255126,46.87326923509159
82.51911685449093,20.53237551131788,91.25123948976126,46.67849111230159
82.38923277263093,20.27268434759788,91.05646786697126,46.41878394858159
82.12946460891094,20.07792122480788,90.92661278511126,46.1590817848616
81.86968894519093,19.88315960201788,90.79675770325126,45.8993766211416
81.73980486333093,19.623469438297878,90.60198008046126,45.6396684574216
81.54497324054093,19.363777774577876,90.47212499860126,45.3799682937016
81.41508915868093,19.104093610857873,90.27735387581126,45.1202611299816
81.28520007682093,18.84440494713787,90.08258725302126,44.8605564662616
81.15531149496093,18.58471278341787,89.88781663023127,44.6008523025416
81.02542591310093,18.32502261969787,89.69303100744126,44.3411451388216
80.89554583124094,18.065334955977868,89.49823988465127,44.0814339751016
80.63577116752094,17.87057533318787,89.36838080279126,43.82172481138161
80.37599500380095,17.675815210397868,89.23852772093126,43.56201514766161
80.11622184008095,17.48105108760787,89.10866013907126,43.30230048394161
79.85644867636096,17.221352923887874,88.97879305721126,43.10751986115161
79.59667201264095,16.961654260167876,88.84893747535126,42.91273773836161
79.33689884892095,16.701965096447875,88.71908489349127,42.717948615571615
